age,gender,symptom_1,symptom_2,symptom_3,heart_rate_bpm,body_temperature_c,oxygen_saturation_%,severity,treatment_plan,__target__
74,Male,Fatigue,Sore throat,Fever,69,39.4,94,Moderate,Medication and rest,Flu
66,Female,Sore throat,Fatigue,Cough,95,39.0,98,Mild,Rest and fluids,Healthy
32,Male,Body ache,Sore throat,Fatigue,77,36.8,96,Mild,Rest and fluids,Healthy
21,Female,Shortness of breath,Headache,Cough,72,38.9,99,Mild,Rest and fluids,Healthy
53,Male,Runny nose,Sore throat,Fatigue,100,36.6,92,Mild,Rest and fluids,Healthy
22,Male,Sore throat,Fever,Cough,90,39.5,93,Moderate,Medication and rest,Flu
21,Male,Sore throat,Fatigue,Cough,71,37.5,93,Severe,Hospitalization and medication,Bronchitis
71,Male,Headache,Shortness of breath,Runny nose,64,38.6,99,Mild,Rest and fluids,Healthy
56,Female,Shortness of breath,Fever,Headache,103,36.2,96,Mild,Rest and fluids,Cold
53,Male,Cough,Fever,Headache,62,39.5,98,Moderate,Medication and rest,Flu
72,Female,Shortness of breath,Fatigue,Headache,83,37.0,90,Mild,Rest and fluids,Healthy
28,Female,Runny nose,Sore throat,Cough,63,36.3,96,Mild,Rest and fluids,Cold
78,Male,Body ache,Shortness of breath,Headache,117,38.9,97,Mild,Rest and fluids,Healthy
23,Male,Shortness of breath,Cough,Headache,118,37.0,90,Severe,Hospitalization and medication,Bronchitis
55,Female,Headache,Fatigue,Sore throat,103,37.7,96,Mild,Rest and fluids,Healthy
19,Female,Fatigue,Fever,Runny nose,101,39.8,91,Severe,Hospitalization and medication,Pneumonia
46,Male,Headache,Runny nose,Fatigue,65,38.2,99,Mild,Rest and fluids,Healthy
68,Female,Runny nose,Headache,Body ache,94,38.4,91,Mild,Rest and fluids,Healthy
31,Male,Headache,Fatigue,Sore throat,63,35.7,98,Mild,Rest and fluids,Cold
46,Female,Fatigue,Sore throat,Cough,85,35.5,90,Severe,Hospitalization and medication,Bronchitis
58,Male,Sore throat,Body ache,Fatigue,95,38.3,98,Mild,Rest and fluids,Healthy
73,Female,Fever,Fatigue,Body ache,60,37.1,97,Mild,Rest and fluids,Healthy
30,Female,Headache,Cough,Body ache,87,38.6,94,Severe,Hospitalization and medication,Bronchitis
69,Male,Headache,Body ache,Fever,107,39.0,94,Severe,Hospitalization and medication,Pneumonia
60,Female,Body ache,Fatigue,Runny nose,64,39.2,91,Mild,Rest and fluids,Healthy
45,Female,Fever,Cough,Shortness of breath,98,37.3,90,Severe,Hospitalization and medication,Bronchitis
49,Female,Headache,Sore throat,Fever,92,40.0,96,Moderate,Medication and rest,Flu
75,Male,Cough,Shortness of breath,Body ache,118,38.5,91,Severe,Hospitalization and medication,Bronchitis
51,Male,Sore throat,Shortness of breath,Fatigue,103,37.7,90,Mild,Rest and fluids,Healthy
35,Female,Cough,Fever,Fatigue,119,37.4,98,Mild,Rest and fluids,Healthy
18,Female,Fatigue,Headache,Runny nose,117,38.9,92,Mild,Rest and fluids,Healthy
62,Female,Runny nose,Fever,Fatigue,116,36.8,96,Mild,Rest and fluids,Healthy
24,Female,Fatigue,Cough,Shortness of breath,105,39.2,94,Severe,Hospitalization and medication,Bronchitis
64,Female,Fever,Headache,Cough,97,39.7,91,Moderate,Medication and rest,Flu
53,Female,Runny nose,Cough,Headache,74,39.9,90,Severe,Hospitalization and medication,Bronchitis
53,Female,Fever,Cough,Runny nose,101,39.2,90,Severe,Hospitalization and medication,Pneumonia
62,Male,Fever,Runny nose,Sore throat,108,36.9,96,Mild,Rest and fluids,Healthy
71,Female,Cough,Body ache,Shortness of breath,63,36.6,90,Severe,Hospitalization and medication,Bronchitis
27,Male,Headache,Fatigue,Sore throat,94,37.7,93,Mild,Rest and fluids,Healthy
67,Female,Cough,Fatigue,Body ache,105,36.8,98,Mild,Rest and fluids,Healthy
78,Male,Cough,Body ache,Sore throat,65,37.1,91,Severe,Hospitalization and medication,Bronchitis
23,Female,Fatigue,Shortness of breath,Body ache,98,39.8,93,Mild,Rest and fluids,Healthy
78,Female,Shortness of breath,Fever,Fatigue,70,39.4,93,Moderate,Medication and rest,Flu
32,Female,Shortness of breath,Fatigue,Headache,73,39.0,91,Mild,Rest and fluids,Healthy
38,Male,Runny nose,Sore throat,Fatigue,92,36.3,94,Mild,Rest and fluids,Healthy
36,Female,Fever,Headache,Fatigue,107,37.4,93,Mild,Rest and fluids,Healthy
71,Female,Runny nose,Cough,Fever,70,37.4,98,Mild,Rest and fluids,Healthy
37,Female,Runny nose,Fatigue,Shortness of breath,112,37.0,96,Mild,Rest and fluids,Healthy
55,Male,Shortness of breath,Sore throat,Runny nose,91,36.3,90,Mild,Rest and fluids,Healthy
31,Female,Fever,Headache,Body ache,62,37.7,99,Mild,Rest and fluids,Healthy
49,Female,Runny nose,Fever,Shortness of breath,83,36.3,92,Mild,Rest and fluids,Healthy
55,Female,Headache,Body ache,Shortness of breath,118,40.0,97,Mild,Rest and fluids,Healthy
49,Female,Headache,Cough,Fatigue,110,36.2,98,Mild,Rest and fluids,Cold
38,Male,Runny nose,Headache,Body ache,91,38.3,99,Mild,Rest and fluids,Healthy
73,Male,Sore throat,Shortness of breath,Fatigue,91,36.4,91,Mild,Rest and fluids,Healthy
50,Male,Shortness of breath,Fatigue,Headache,60,39.3,97,Mild,Rest and fluids,Healthy
38,Male,Headache,Sore throat,Cough,83,37.9,92,Severe,Hospitalization and medication,Bronchitis
77,Female,Fatigue,Fever,Cough,107,35.8,92,Severe,Hospitalization and medication,Bronchitis
49,Male,Fever,Fatigue,Cough,94,37.7,94,Severe,Hospitalization and medication,Bronchitis
61,Female,Fever,Headache,Sore throat,91,37.8,93,Mild,Rest and fluids,Healthy
45,Male,Sore throat,Headache,Body ache,107,39.5,96,Mild,Rest and fluids,Healthy
76,Female,Headache,Sore throat,Shortness of breath,60,36.4,90,Mild,Rest and fluids,Healthy
47,Male,Runny nose,Fatigue,Fever,116,38.9,92,Severe,Hospitalization and medication,Pneumonia
49,Male,Cough,Sore throat,Fatigue,103,36.9,92,Severe,Hospitalization and medication,Bronchitis
33,Female,Sore throat,Fever,Fatigue,87,37.5,99,Mild,Rest and fluids,Healthy
79,Male,Headache,Fever,Body ache,96,35.8,94,Mild,Rest and fluids,Healthy
23,Male,Runny nose,Body ache,Headache,89,38.2,93,Mild,Rest and fluids,Healthy
29,Female,Body ache,Headache,Fatigue,99,37.8,93,Mild,Rest and fluids,Healthy
59,Female,Fever,Shortness of breath,Headache,91,36.3,92,Mild,Rest and fluids,Healthy
32,Female,Shortness of breath,Fever,Cough,66,39.2,94,Moderate,Medication and rest,Flu
50,Male,Cough,Shortness of breath,Runny nose,82,35.8,96,Mild,Rest and fluids,Cold
79,Male,Fatigue,Body ache,Headache,94,37.7,94,Mild,Rest and fluids,Healthy
65,Male,Headache,Runny nose,Sore throat,112,36.5,99,Mild,Rest and fluids,Healthy
70,Female,Runny nose,Sore throat,Cough,86,39.3,90,Severe,Hospitalization and medication,Bronchitis
66,Male,Body ache,Fatigue,Fever,98,39.3,95,Moderate,Medication and rest,Flu
20,Male,Runny nose,Sore throat,Fatigue,106,37.8,93,Mild,Rest and fluids,Healthy
31,Female,Shortness of breath,Runny nose,Headache,118,35.6,99,Mild,Rest and fluids,Cold
51,Female,Headache,Fatigue,Runny nose,71,36.7,93,Mild,Rest and fluids,Healthy
24,Female,Runny nose,Fatigue,Shortness of breath,99,39.2,96,Mild,Rest and fluids,Healthy
64,Male,Headache,Fever,Shortness of breath,107,38.5,91,Severe,Hospitalization and medication,Pneumonia
61,Female,Body ache,Sore throat,Runny nose,105,36.8,98,Mild,Rest and fluids,Healthy
55,Female,Headache,Cough,Body ache,115,39.3,92,Severe,Hospitalization and medication,Bronchitis
41,Female,Runny nose,Headache,Shortness of breath,84,39.6,93,Mild,Rest and fluids,Healthy
27,Female,Runny nose,Body ache,Fatigue,111,38.8,99,Mild,Rest and fluids,Healthy
53,Female,Runny nose,Fever,Body ache,88,39.2,94,Moderate,Medication and rest,Flu
63,Female,Shortness of breath,Headache,Fatigue,95,39.0,99,Mild,Rest and fluids,Healthy
70,Male,Body ache,Shortness of breath,Cough,74,39.8,95,Mild,Rest and fluids,Healthy
70,Female,Body ache,Fatigue,Sore throat,83,38.9,97,Mild,Rest and fluids,Healthy
73,Male,Shortness of breath,Cough,Headache,117,38.9,95,Mild,Rest and fluids,Healthy
31,Male,Body ache,Shortness of breath,Fatigue,90,36.7,93,Mild,Rest and fluids,Healthy
57,Male,Runny nose,Sore throat,Cough,113,36.5,97,Mild,Rest and fluids,Healthy
39,Female,Fever,Sore throat,Runny nose,72,39.6,96,Moderate,Medication and rest,Flu
71,Male,Shortness of breath,Cough,Runny nose,100,37.3,93,Severe,Hospitalization and medication,Bronchitis
72,Female,Shortness of breath,Sore throat,Runny nose,90,36.5,92,Mild,Rest and fluids,Healthy
62,Female,Body ache,Shortness of breath,Headache,110,36.1,94,Mild,Rest and fluids,Healthy
35,Female,Fatigue,Body ache,Sore throat,75,38.3,91,Mild,Rest and fluids,Healthy
67,Male,Body ache,Fever,Fatigue,117,39.1,97,Moderate,Medication and rest,Flu
63,Male,Sore throat,Fever,Runny nose,104,36.5,91,Mild,Rest and fluids,Healthy
44,Male,Headache,Shortness of breath,Body ache,96,35.8,91,Mild,Rest and fluids,Healthy
53,Female,Fatigue,Sore throat,Body ache,90,36.4,97,Mild,Rest and fluids,Cold
54,Male,Fever,Runny nose,Headache,80,37.9,90,Mild,Rest and fluids,Healthy
54,Male,Runny nose,Shortness of breath,Fatigue,109,36.8,97,Mild,Rest and fluids,Healthy
34,Male,Fatigue,Body ache,Sore throat,77,37.3,96,Mild,Rest and fluids,Healthy
44,Female,Fever,Sore throat,Headache,75,37.6,90,Mild,Rest and fluids,Healthy
69,Female,Sore throat,Cough,Runny nose,77,39.2,92,Severe,Hospitalization and medication,Bronchitis
59,Female,Fever,Fatigue,Headache,97,36.0,93,Mild,Rest and fluids,Healthy
54,Female,Sore throat,Headache,Fatigue,97,38.4,93,Mild,Rest and fluids,Healthy
51,Female,Headache,Shortness of breath,Body ache,88,38.9,91,Mild,Rest and fluids,Healthy
36,Female,Shortness of breath,Headache,Sore throat,102,39.0,92,Mild,Rest and fluids,Healthy
47,Female,Shortness of breath,Runny nose,Sore throat,117,37.2,99,Mild,Rest and fluids,Healthy
57,Female,Sore throat,Cough,Fever,117,36.7,95,Mild,Rest and fluids,Healthy
34,Male,Sore throat,Runny nose,Shortness of breath,96,35.9,90,Mild,Rest and fluids,Healthy
57,Male,Fatigue,Fever,Sore throat,63,38.5,97,Moderate,Medication and rest,Flu
58,Female,Headache,Fatigue,Fever,95,37.4,90,Mild,Rest and fluids,Healthy
29,Male,Body ache,Fatigue,Headache,69,37.3,92,Mild,Rest and fluids,Healthy
52,Female,Body ache,Runny nose,Fever,83,37.9,94,Mild,Rest and fluids,Healthy
69,Male,Cough,Headache,Runny nose,74,37.5,95,Mild,Rest and fluids,Healthy
47,Male,Shortness of breath,Runny nose,Sore throat,91,37.0,99,Mild,Rest and fluids,Healthy
64,Female,Headache,Sore throat,Shortness of breath,64,38.1,99,Mild,Rest and fluids,Healthy
50,Male,Fever,Cough,Shortness of breath,87,39.2,98,Moderate,Medication and rest,Flu
30,Male,Cough,Headache,Shortness of breath,94,36.3,98,Mild,Rest and fluids,Cold
58,Female,Fever,Fatigue,Runny nose,117,36.6,97,Mild,Rest and fluids,Healthy
27,Male,Body ache,Fatigue,Shortness of breath,106,37.5,91,Mild,Rest and fluids,Healthy
68,Female,Fatigue,Cough,Runny nose,80,38.5,98,Mild,Rest and fluids,Healthy
68,Female,Body ache,Cough,Runny nose,107,38.2,95,Mild,Rest and fluids,Healthy
25,Female,Headache,Body ache,Fatigue,84,38.6,94,Mild,Rest and fluids,Healthy
46,Male,Runny nose,Cough,Body ache,94,36.3,96,Mild,Rest and fluids,Cold
36,Male,Fever,Fatigue,Cough,90,37.7,95,Mild,Rest and fluids,Healthy
25,Male,Fever,Fatigue,Headache,114,38.4,93,Severe,Hospitalization and medication,Pneumonia
54,Male,Shortness of breath,Runny nose,Body ache,65,36.9,97,Mild,Rest and fluids,Healthy
34,Female,Fever,Headache,Shortness of breath,92,37.2,99,Mild,Rest and fluids,Healthy
42,Male,Headache,Shortness of breath,Body ache,80,35.5,92,Mild,Rest and fluids,Healthy
73,Male,Runny nose,Cough,Headache,65,37.5,94,Severe,Hospitalization and medication,Bronchitis
57,Male,Body ache,Shortness of breath,Cough,69,38.2,90,Severe,Hospitalization and medication,Bronchitis
25,Female,Runny nose,Headache,Cough,117,38.1,96,Mild,Rest and fluids,Healthy
45,Female,Shortness of breath,Fatigue,Cough,74,36.6,95,Mild,Rest and fluids,Healthy
77,Female,Cough,Shortness of breath,Body ache,63,37.0,95,Mild,Rest and fluids,Healthy
33,Female,Runny nose,Shortness of breath,Headache,96,36.7,94,Mild,Rest and fluids,Healthy
64,Female,Runny nose,Cough,Sore throat,93,38.0,94,Severe,Hospitalization and medication,Bronchitis
18,Female,Cough,Fatigue,Shortness of breath,105,39.8,99,Mild,Rest and fluids,Healthy
63,Female,Headache,Fever,Fatigue,80,35.6,94,Mild,Rest and fluids,Healthy
70,Female,Cough,Runny nose,Body ache,81,36.8,99,Mild,Rest and fluids,Healthy
79,Male,Runny nose,Fatigue,Cough,91,38.0,99,Mild,Rest and fluids,Healthy
26,Male,Sore throat,Shortness of breath,Runny nose,63,37.5,98,Mild,Rest and fluids,Healthy
46,Male,Fatigue,Fever,Shortness of breath,72,39.3,93,Moderate,Medication and rest,Flu
40,Female,Runny nose,Fatigue,Sore throat,74,38.0,98,Mild,Rest and fluids,Healthy
47,Female,Shortness of breath,Body ache,Headache,112,37.8,91,Mild,Rest and fluids,Healthy
65,Female,Cough,Fatigue,Shortness of breath,65,35.7,93,Severe,Hospitalization and medication,Bronchitis
36,Female,Headache,Runny nose,Fatigue,97,38.8,95,Mild,Rest and fluids,Healthy
29,Male,Shortness of breath,Fatigue,Headache,110,36.7,99,Mild,Rest and fluids,Healthy
71,Female,Runny nose,Headache,Sore throat,87,36.6,97,Mild,Rest and fluids,Healthy
23,Male,Headache,Body ache,Cough,93,38.3,93,Severe,Hospitalization and medication,Bronchitis
54,Female,Runny nose,Shortness of breath,Headache,73,35.5,91,Mild,Rest and fluids,Healthy
59,Male,Fatigue,Body ache,Headache,75,39.3,97,Mild,Rest and fluids,Healthy
55,Male,Fatigue,Cough,Fever,81,37.3,91,Severe,Hospitalization and medication,Bronchitis
75,Female,Cough,Body ache,Headache,116,38.1,90,Severe,Hospitalization and medication,Bronchitis
41,Female,Sore throat,Headache,Shortness of breath,74,39.0,90,Mild,Rest and fluids,Healthy
25,Male,Fever,Fatigue,Headache,102,39.1,90,Severe,Hospitalization and medication,Pneumonia
46,Male,Fever,Shortness of breath,Headache,66,38.8,98,Moderate,Medication and rest,Flu
72,Female,Shortness of breath,Fatigue,Sore throat,108,36.0,98,Mild,Rest and fluids,Cold
39,Male,Body ache,Sore throat,Fatigue,106,37.9,92,Mild,Rest and fluids,Healthy
77,Female,Sore throat,Fatigue,Cough,82,38.1,92,Severe,Hospitalization and medication,Bronchitis
71,Male,Body ache,Headache,Shortness of breath,66,36.6,95,Mild,Rest and fluids,Healthy
46,Female,Headache,Cough,Shortness of breath,75,36.9,96,Mild,Rest and fluids,Healthy
74,Male,Fever,Cough,Shortness of breath,74,39.6,96,Moderate,Medication and rest,Flu
35,Female,Cough,Fatigue,Fever,75,37.0,94,Severe,Hospitalization and medication,Bronchitis
51,Male,Cough,Body ache,Fatigue,68,39.0,96,Mild,Rest and fluids,Healthy
63,Male,Headache,Fever,Runny nose,119,37.9,95,Mild,Rest and fluids,Healthy
34,Female,Headache,Shortness of breath,Sore throat,83,36.6,91,Mild,Rest and fluids,Healthy
54,Female,Cough,Fatigue,Fever,74,36.6,98,Mild,Rest and fluids,Healthy
54,Male,Cough,Fever,Sore throat,103,37.4,99,Mild,Rest and fluids,Healthy
65,Male,Sore throat,Runny nose,Fever,102,39.3,98,Moderate,Medication and rest,Flu
57,Female,Cough,Body ache,Fatigue,71,39.7,92,Severe,Hospitalization and medication,Bronchitis
75,Male,Sore throat,Runny nose,Fatigue,106,37.2,92,Mild,Rest and fluids,Healthy
39,Male,Shortness of breath,Headache,Fatigue,88,37.2,93,Mild,Rest and fluids,Healthy
49,Male,Body ache,Runny nose,Headache,93,36.3,98,Mild,Rest and fluids,Cold
73,Male,Sore throat,Runny nose,Headache,94,36.5,98,Mild,Rest and fluids,Healthy
73,Female,Sore throat,Fatigue,Shortness of breath,103,38.9,94,Mild,Rest and fluids,Healthy
61,Female,Shortness of breath,Cough,Headache,109,38.0,95,Mild,Rest and fluids,Healthy
37,Male,Fever,Body ache,Sore throat,89,35.7,93,Mild,Rest and fluids,Healthy
44,Female,Sore throat,Cough,Runny nose,75,37.0,98,Mild,Rest and fluids,Healthy
46,Male,Fever,Runny nose,Headache,117,38.2,90,Severe,Hospitalization and medication,Pneumonia
46,Male,Cough,Headache,Body ache,64,38.1,93,Severe,Hospitalization and medication,Bronchitis
71,Male,Cough,Fatigue,Runny nose,107,39.6,92,Severe,Hospitalization and medication,Bronchitis
52,Male,Body ache,Shortness of breath,Fatigue,116,39.9,90,Mild,Rest and fluids,Healthy
73,Male,Fever,Cough,Headache,93,37.2,95,Mild,Rest and fluids,Healthy
55,Female,Shortness of breath,Fatigue,Body ache,93,39.6,97,Mild,Rest and fluids,Healthy
42,Female,Sore throat,Headache,Body ache,112,38.6,96,Mild,Rest and fluids,Healthy
39,Female,Body ache,Cough,Fatigue,78,39.4,98,Mild,Rest and fluids,Healthy
59,Male,Cough,Fever,Body ache,106,39.5,94,Severe,Hospitalization and medication,Pneumonia
27,Male,Body ache,Fatigue,Cough,91,38.2,90,Severe,Hospitalization and medication,Bronchitis
62,Male,Shortness of breath,Fatigue,Body ache,105,35.7,95,Mild,Rest and fluids,Healthy
47,Female,Fever,Runny nose,Shortness of breath,98,38.5,95,Moderate,Medication and rest,Flu
78,Female,Headache,Sore throat,Cough,86,36.0,93,Severe,Hospitalization and medication,Bronchitis
62,Female,Fever,Runny nose,Cough,75,36.9,92,Severe,Hospitalization and medication,Bronchitis
55,Female,Shortness of breath,Body ache,Runny nose,94,38.8,99,Mild,Rest and fluids,Healthy
51,Female,Fever,Fatigue,Sore throat,108,38.7,92,Severe,Hospitalization and medication,Pneumonia
55,Male,Fatigue,Cough,Shortness of breath,82,38.0,92,Severe,Hospitalization and medication,Bronchitis
67,Female,Headache,Cough,Body ache,84,37.2,94,Severe,Hospitalization and medication,Bronchitis
19,Female,Body ache,Sore throat,Fever,73,39.1,93,Moderate,Medication and rest,Flu
69,Male,Fatigue,Runny nose,Cough,98,38.2,99,Mild,Rest and fluids,Healthy
71,Female,Cough,Headache,Sore throat,83,35.7,99,Mild,Rest and fluids,Cold
52,Female,Sore throat,Headache,Body ache,110,38.8,96,Mild,Rest and fluids,Healthy
78,Female,Shortness of breath,Fatigue,Runny nose,85,38.7,92,Mild,Rest and fluids,Healthy
63,Male,Runny nose,Headache,Shortness of breath,116,38.0,96,Mild,Rest and fluids,Healthy
69,Male,Sore throat,Body ache,Headache,84,39.7,98,Mild,Rest and fluids,Healthy
63,Male,Fatigue,Body ache,Fever,87,35.6,96,Mild,Rest and fluids,Cold
48,Female,Cough,Fever,Shortness of breath,115,39.3,91,Severe,Hospitalization and medication,Pneumonia
31,Male,Cough,Sore throat,Fever,87,35.9,92,Severe,Hospitalization and medication,Bronchitis
73,Female,Runny nose,Cough,Fatigue,97,35.6,90,Severe,Hospitalization and medication,Bronchitis
59,Female,Shortness of breath,Runny nose,Fatigue,112,38.5,94,Mild,Rest and fluids,Healthy
64,Male,Sore throat,Headache,Cough,93,36.9,97,Mild,Rest and fluids,Healthy
27,Female,Cough,Headache,Body ache,79,36.4,96,Mild,Rest and fluids,Cold
65,Male,Body ache,Fatigue,Fever,104,36.4,98,Mild,Rest and fluids,Cold
24,Female,Sore throat,Body ache,Runny nose,105,38.1,91,Mild,Rest and fluids,Healthy
56,Female,Headache,Fever,Runny nose,102,37.7,90,Mild,Rest and fluids,Healthy
79,Male,Fatigue,Headache,Runny nose,107,37.4,90,Mild,Rest and fluids,Healthy
43,Male,Fever,Body ache,Headache,97,39.0,92,Moderate,Medication and rest,Flu
61,Female,Body ache,Cough,Shortness of breath,119,37.7,96,Mild,Rest and fluids,Healthy
68,Female,Fatigue,Cough,Body ache,77,36.0,95,Mild,Rest and fluids,Healthy
29,Male,Runny nose,Cough,Fever,85,35.9,90,Severe,Hospitalization and medication,Bronchitis
63,Female,Headache,Fatigue,Fever,113,36.5,99,Mild,Rest and fluids,Healthy
77,Male,Cough,Fatigue,Headache,77,36.4,92,Severe,Hospitalization and medication,Bronchitis
49,Male,Sore throat,Shortness of breath,Fatigue,62,37.0,96,Mild,Rest and fluids,Healthy
59,Male,Body ache,Runny nose,Fatigue,70,36.9,99,Mild,Rest and fluids,Healthy
46,Female,Cough,Headache,Fever,97,36.2,93,Severe,Hospitalization and medication,Bronchitis
47,Female,Shortness of breath,Fever,Fatigue,60,36.5,92,Mild,Rest and fluids,Healthy
58,Male,Cough,Fatigue,Body ache,86,37.1,95,Mild,Rest and fluids,Healthy
40,Male,Fatigue,Body ache,Cough,73,37.4,95,Mild,Rest and fluids,Healthy
43,Male,Fever,Shortness of breath,Sore throat,115,36.6,90,Mild,Rest and fluids,Healthy
21,Female,Fever,Body ache,Headache,90,37.1,93,Mild,Rest and fluids,Healthy
66,Male,Runny nose,Headache,Sore throat,86,37.8,98,Mild,Rest and fluids,Healthy
47,Female,Fever,Fatigue,Sore throat,110,36.6,99,Mild,Rest and fluids,Healthy
24,Male,Headache,Cough,Sore throat,73,37.9,96,Mild,Rest and fluids,Healthy
65,Male,Headache,Runny nose,Body ache,72,37.9,96,Mild,Rest and fluids,Healthy
37,Male,Sore throat,Cough,Fever,62,36.0,96,Mild,Rest and fluids,Cold
36,Male,Runny nose,Shortness of breath,Body ache,86,38.3,95,Mild,Rest and fluids,Healthy
54,Female,Fatigue,Runny nose,Fever,119,39.2,96,Moderate,Medication and rest,Flu
36,Male,Fever,Body ache,Shortness of breath,65,36.4,95,Mild,Rest and fluids,Healthy
19,Female,Fever,Fatigue,Headache,107,35.9,92,Mild,Rest and fluids,Healthy
20,Male,Fatigue,Sore throat,Runny nose,91,39.8,96,Mild,Rest and fluids,Healthy
56,Female,Sore throat,Fatigue,Shortness of breath,85,38.4,91,Mild,Rest and fluids,Healthy
62,Female,Runny nose,Headache,Body ache,117,39.6,97,Mild,Rest and fluids,Healthy
23,Male,Fatigue,Sore throat,Fever,117,39.0,98,Moderate,Medication and rest,Flu
18,Male,Headache,Cough,Runny nose,107,38.6,92,Severe,Hospitalization and medication,Bronchitis
38,Male,Fever,Body ache,Sore throat,79,36.1,91,Mild,Rest and fluids,Healthy
72,Female,Fatigue,Headache,Sore throat,89,38.6,96,Mild,Rest and fluids,Healthy
51,Female,Runny nose,Fever,Headache,107,36.5,98,Mild,Rest and fluids,Healthy
39,Female,Shortness of breath,Fever,Sore throat,79,37.9,98,Mild,Rest and fluids,Healthy
27,Female,Headache,Fatigue,Fever,80,38.5,92,Moderate,Medication and rest,Flu
68,Female,Fever,Headache,Fatigue,83,39.1,96,Moderate,Medication and rest,Flu
28,Female,Shortness of breath,Sore throat,Headache,66,39.7,98,Mild,Rest and fluids,Healthy
23,Male,Cough,Headache,Body ache,93,35.9,99,Mild,Rest and fluids,Cold
21,Female,Runny nose,Shortness of breath,Headache,94,35.8,94,Mild,Rest and fluids,Healthy
77,Female,Headache,Fatigue,Fever,114,39.6,98,Moderate,Medication and rest,Flu
57,Male,Sore throat,Headache,Fatigue,77,39.8,90,Mild,Rest and fluids,Healthy
62,Male,Fatigue,Cough,Sore throat,66,39.2,91,Severe,Hospitalization and medication,Bronchitis
56,Male,Fatigue,Shortness of breath,Runny nose,61,35.5,92,Mild,Rest and fluids,Healthy
73,Male,Headache,Fatigue,Fever,119,37.5,98,Mild,Rest and fluids,Healthy
47,Female,Fever,Runny nose,Shortness of breath,93,36.1,93,Mild,Rest and fluids,Healthy
67,Male,Headache,Sore throat,Shortness of breath,109,38.3,91,Mild,Rest and fluids,Healthy
39,Female,Body ache,Fatigue,Fever,73,35.8,91,Mild,Rest and fluids,Healthy
71,Male,Body ache,Sore throat,Headache,98,39.8,93,Mild,Rest and fluids,Healthy
25,Male,Sore throat,Runny nose,Cough,117,39.6,98,Mild,Rest and fluids,Healthy
37,Male,Body ache,Fever,Runny nose,104,36.8,91,Mild,Rest and fluids,Healthy
35,Male,Runny nose,Body ache,Headache,75,37.9,96,Mild,Rest and fluids,Healthy
30,Female,Body ache,Runny nose,Shortness of breath,64,37.6,92,Mild,Rest and fluids,Healthy
34,Male,Fever,Headache,Fatigue,92,37.6,93,Mild,Rest and fluids,Healthy
66,Male,Runny nose,Body ache,Shortness of breath,73,36.4,90,Mild,Rest and fluids,Healthy
33,Female,Runny nose,Fatigue,Headache,91,37.4,92,Mild,Rest and fluids,Healthy
63,Female,Runny nose,Shortness of breath,Cough,107,39.7,96,Mild,Rest and fluids,Healthy
18,Female,Sore throat,Headache,Cough,81,36.9,90,Severe,Hospitalization and medication,Bronchitis
26,Female,Body ache,Sore throat,Runny nose,81,37.1,97,Mild,Rest and fluids,Healthy
66,Male,Sore throat,Headache,Fever,116,36.8,99,Mild,Rest and fluids,Healthy
78,Female,Sore throat,Cough,Shortness of breath,90,35.7,97,Mild,Rest and fluids,Cold
37,Female,Fatigue,Body ache,Shortness of breath,119,38.4,97,Mild,Rest and fluids,Healthy
64,Female,Fatigue,Sore throat,Cough,76,40.0,91,Severe,Hospitalization and medication,Bronchitis
25,Female,Fever,Fatigue,Sore throat,76,37.5,99,Mild,Rest and fluids,Healthy
34,Female,Headache,Runny nose,Shortness of breath,119,38.5,92,Mild,Rest and fluids,Healthy
26,Male,Sore throat,Shortness of breath,Fatigue,77,39.7,97,Mild,Rest and fluids,Healthy
22,Male,Cough,Fatigue,Shortness of breath,118,37.7,98,Mild,Rest and fluids,Healthy
57,Female,Fatigue,Body ache,Shortness of breath,118,39.4,95,Mild,Rest and fluids,Healthy
67,Female,Cough,Body ache,Headache,89,39.9,92,Severe,Hospitalization and medication,Bronchitis
47,Female,Body ache,Headache,Fever,77,39.2,90,Moderate,Medication and rest,Flu
27,Male,Fever,Runny nose,Shortness of breath,104,37.9,90,Mild,Rest and fluids,Healthy
77,Female,Sore throat,Fatigue,Shortness of breath,81,37.2,97,Mild,Rest and fluids,Healthy
35,Male,Runny nose,Cough,Sore throat,100,35.5,96,Mild,Rest and fluids,Cold
35,Female,Runny nose,Cough,Headache,107,39.4,91,Severe,Hospitalization and medication,Bronchitis
77,Female,Fatigue,Shortness of breath,Headache,116,38.9,93,Mild,Rest and fluids,Healthy
23,Male,Fever,Body ache,Runny nose,63,39.1,99,Moderate,Medication and rest,Flu
66,Male,Sore throat,Fever,Body ache,80,36.6,99,Mild,Rest and fluids,Healthy
31,Male,Shortness of breath,Fever,Runny nose,95,38.4,93,Moderate,Medication and rest,Flu
24,Male,Body ache,Fatigue,Headache,106,37.0,95,Mild,Rest and fluids,Healthy
43,Female,Shortness of breath,Sore throat,Body ache,119,38.7,90,Mild,Rest and fluids,Healthy
48,Female,Fatigue,Fever,Cough,72,36.0,90,Severe,Hospitalization and medication,Bronchitis
50,Male,Cough,Sore throat,Fever,81,35.9,94,Severe,Hospitalization and medication,Bronchitis
73,Male,Headache,Shortness of breath,Runny nose,85,38.9,93,Mild,Rest and fluids,Healthy
47,Female,Runny nose,Body ache,Sore throat,105,38.2,97,Mild,Rest and fluids,Healthy
22,Female,Body ache,Shortness of breath,Fatigue,104,38.4,96,Mild,Rest and fluids,Healthy
57,Male,Headache,Fatigue,Shortness of breath,72,39.7,93,Mild,Rest and fluids,Healthy
46,Female,Cough,Fever,Body ache,79,39.2,94,Moderate,Medication and rest,Flu
36,Female,Runny nose,Headache,Cough,89,38.8,98,Mild,Rest and fluids,Healthy
43,Female,Fatigue,Shortness of breath,Runny nose,112,37.1,99,Mild,Rest and fluids,Healthy
27,Male,Cough,Sore throat,Fatigue,77,38.8,90,Severe,Hospitalization and medication,Bronchitis
53,Male,Cough,Runny nose,Fever,96,39.5,90,Moderate,Medication and rest,Flu
55,Male,Fever,Sore throat,Fatigue,119,35.7,93,Mild,Rest and fluids,Healthy
50,Female,Cough,Sore throat,Runny nose,69,35.6,95,Mild,Rest and fluids,Healthy
63,Female,Sore throat,Cough,Headache,75,38.5,93,Severe,Hospitalization and medication,Bronchitis
42,Male,Body ache,Runny nose,Sore throat,95,38.1,92,Mild,Rest and fluids,Healthy
48,Male,Shortness of breath,Body ache,Fever,67,37.7,91,Mild,Rest and fluids,Healthy
79,Female,Shortness of breath,Runny nose,Fatigue,90,37.6,99,Mild,Rest and fluids,Healthy
39,Male,Body ache,Runny nose,Headache,104,39.6,93,Mild,Rest and fluids,Healthy
32,Female,Shortness of breath,Cough,Body ache,116,35.6,91,Severe,Hospitalization and medication,Bronchitis
35,Female,Runny nose,Cough,Shortness of breath,95,37.6,95,Mild,Rest and fluids,Healthy
50,Female,Headache,Fatigue,Body ache,61,37.0,90,Mild,Rest and fluids,Healthy
78,Female,Cough,Fatigue,Body ache,83,37.8,91,Severe,Hospitalization and medication,Bronchitis
49,Female,Body ache,Shortness of breath,Cough,94,35.8,99,Mild,Rest and fluids,Cold
48,Female,Body ache,Shortness of breath,Fever,118,35.8,99,Mild,Rest and fluids,Cold
42,Male,Fatigue,Body ache,Runny nose,109,36.0,92,Mild,Rest and fluids,Healthy
50,Male,Sore throat,Headache,Shortness of breath,65,39.1,96,Mild,Rest and fluids,Healthy
29,Male,Shortness of breath,Body ache,Fatigue,106,37.9,91,Mild,Rest and fluids,Healthy
58,Female,Sore throat,Fatigue,Fever,95,35.6,90,Mild,Rest and fluids,Healthy
26,Female,Sore throat,Cough,Headache,64,39.8,92,Severe,Hospitalization and medication,Bronchitis
51,Male,Sore throat,Runny nose,Fever,80,39.6,93,Moderate,Medication and rest,Flu
35,Male,Cough,Fever,Sore throat,68,37.2,98,Mild,Rest and fluids,Healthy
59,Female,Fatigue,Shortness of breath,Cough,88,39.5,95,Mild,Rest and fluids,Healthy
41,Male,Cough,Fatigue,Sore throat,99,38.7,98,Mild,Rest and fluids,Healthy
25,Male,Fever,Fatigue,Shortness of breath,77,35.9,93,Mild,Rest and fluids,Healthy
19,Male,Body ache,Sore throat,Fatigue,117,35.9,98,Mild,Rest and fluids,Cold
65,Male,Shortness of breath,Headache,Fever,75,35.6,94,Mild,Rest and fluids,Healthy
38,Female,Shortness of breath,Body ache,Fever,102,39.9,93,Severe,Hospitalization and medication,Pneumonia
69,Female,Shortness of breath,Fatigue,Body ache,71,37.3,93,Mild,Rest and fluids,Healthy
47,Male,Cough,Body ache,Fatigue,119,37.3,96,Mild,Rest and fluids,Healthy
57,Male,Fatigue,Body ache,Fever,93,35.9,93,Mild,Rest and fluids,Healthy
44,Male,Fatigue,Cough,Headache,103,38.1,90,Severe,Hospitalization and medication,Bronchitis
47,Female,Fatigue,Fever,Body ache,66,36.3,97,Mild,Rest and fluids,Cold
37,Female,Fever,Runny nose,Cough,67,38.7,99,Moderate,Medication and rest,Flu
75,Female,Fever,Shortness of breath,Fatigue,79,38.9,91,Moderate,Medication and rest,Flu
57,Female,Cough,Fever,Fatigue,76,39.4,96,Moderate,Medication and rest,Flu
69,Male,Sore throat,Body ache,Fatigue,93,38.3,98,Mild,Rest and fluids,Healthy
59,Male,Sore throat,Shortness of breath,Fatigue,92,37.9,92,Mild,Rest and fluids,Healthy
22,Female,Fatigue,Shortness of breath,Runny nose,114,36.9,96,Mild,Rest and fluids,Healthy
76,Male,Sore throat,Body ache,Shortness of breath,116,36.1,92,Mild,Rest and fluids,Healthy
24,Female,Fever,Sore throat,Shortness of breath,79,36.6,93,Mild,Rest and fluids,Healthy
29,Female,Fever,Shortness of breath,Cough,96,37.7,94,Severe,Hospitalization and medication,Bronchitis
53,Male,Shortness of breath,Runny nose,Fever,72,35.6,99,Mild,Rest and fluids,Cold
40,Male,Cough,Fever,Fatigue,107,36.5,90,Severe,Hospitalization and medication,Bronchitis
46,Male,Fatigue,Runny nose,Shortness of breath,64,37.4,91,Mild,Rest and fluids,Healthy
60,Male,Runny nose,Body ache,Headache,98,37.6,93,Mild,Rest and fluids,Healthy
47,Female,Runny nose,Fatigue,Shortness of breath,98,38.4,91,Mild,Rest and fluids,Healthy
44,Female,Fatigue,Runny nose,Cough,81,39.4,92,Severe,Hospitalization and medication,Bronchitis
25,Female,Fatigue,Shortness of breath,Cough,82,38.2,90,Severe,Hospitalization and medication,Bronchitis
29,Male,Body ache,Fever,Shortness of breath,91,40.0,96,Moderate,Medication and rest,Flu
65,Female,Fatigue,Body ache,Shortness of breath,76,38.9,99,Mild,Rest and fluids,Healthy
35,Female,Body ache,Shortness of breath,Cough,105,35.8,94,Severe,Hospitalization and medication,Bronchitis
29,Male,Runny nose,Headache,Fatigue,112,35.9,92,Mild,Rest and fluids,Healthy
24,Female,Sore throat,Fatigue,Fever,68,38.5,97,Moderate,Medication and rest,Flu
39,Male,Body ache,Cough,Runny nose,71,37.4,95,Mild,Rest and fluids,Healthy
49,Female,Fever,Fatigue,Headache,68,39.6,99,Moderate,Medication and rest,Flu
21,Male,Runny nose,Cough,Headache,117,38.1,90,Severe,Hospitalization and medication,Bronchitis
73,Female,Fatigue,Runny nose,Fever,89,38.0,92,Mild,Rest and fluids,Healthy
29,Male,Cough,Sore throat,Headache,119,38.9,97,Mild,Rest and fluids,Healthy
51,Female,Cough,Runny nose,Fatigue,98,38.7,98,Mild,Rest and fluids,Healthy
54,Female,Body ache,Sore throat,Fatigue,112,38.9,99,Mild,Rest and fluids,Healthy
50,Female,Fatigue,Fever,Headache,92,39.4,98,Moderate,Medication and rest,Flu
23,Female,Cough,Fever,Shortness of breath,119,36.1,91,Severe,Hospitalization and medication,Bronchitis
26,Male,Fatigue,Headache,Cough,64,38.9,98,Mild,Rest and fluids,Healthy
53,Female,Body ache,Sore throat,Headache,110,40.0,99,Mild,Rest and fluids,Healthy
57,Female,Body ache,Fever,Headache,104,39.0,95,Moderate,Medication and rest,Flu
53,Female,Sore throat,Shortness of breath,Fatigue,65,35.6,90,Mild,Rest and fluids,Healthy
79,Female,Headache,Shortness of breath,Fever,93,37.6,95,Mild,Rest and fluids,Healthy
60,Male,Body ache,Fever,Runny nose,64,36.9,90,Mild,Rest and fluids,Healthy
19,Female,Headache,Fever,Shortness of breath,112,36.8,90,Mild,Rest and fluids,Healthy
27,Female,Sore throat,Fever,Headache,60,37.6,93,Mild,Rest and fluids,Healthy
60,Female,Body ache,Runny nose,Headache,95,35.7,94,Mild,Rest and fluids,Healthy
23,Female,Runny nose,Fatigue,Fever,63,38.4,92,Moderate,Medication and rest,Flu
65,Male,Fever,Cough,Shortness of breath,60,36.5,92,Severe,Hospitalization and medication,Bronchitis
75,Female,Sore throat,Fever,Shortness of breath,105,37.7,93,Mild,Rest and fluids,Healthy
75,Male,Fever,Body ache,Headache,65,36.3,91,Mild,Rest and fluids,Healthy
19,Female,Fever,Body ache,Shortness of breath,102,37.8,97,Mild,Rest and fluids,Healthy
63,Male,Fever,Body ache,Headache,111,35.8,90,Mild,Rest and fluids,Healthy
37,Female,Headache,Runny nose,Body ache,69,38.4,96,Mild,Rest and fluids,Healthy
28,Male,Fever,Runny nose,Sore throat,67,38.6,94,Moderate,Medication and rest,Flu
34,Female,Fever,Shortness of breath,Fatigue,113,38.1,95,Moderate,Medication and rest,Flu
22,Male,Body ache,Fatigue,Runny nose,88,38.5,96,Mild,Rest and fluids,Healthy
64,Female,Fatigue,Body ache,Runny nose,108,37.6,95,Mild,Rest and fluids,Healthy
66,Female,Shortness of breath,Cough,Fever,99,36.1,98,Mild,Rest and fluids,Cold
23,Male,Shortness of breath,Fatigue,Headache,66,36.6,96,Mild,Rest and fluids,Healthy
37,Female,Body ache,Sore throat,Cough,83,38.0,96,Mild,Rest and fluids,Healthy
58,Female,Body ache,Fever,Fatigue,94,37.5,99,Mild,Rest and fluids,Healthy
26,Male,Fever,Cough,Runny nose,99,36.9,95,Mild,Rest and fluids,Healthy
79,Female,Runny nose,Body ache,Fever,108,36.0,97,Mild,Rest and fluids,Cold
23,Female,Cough,Fatigue,Sore throat,109,36.9,99,Mild,Rest and fluids,Healthy
30,Male,Shortness of breath,Body ache,Fever,95,37.0,99,Mild,Rest and fluids,Healthy
31,Female,Body ache,Shortness of breath,Fever,111,37.9,97,Mild,Rest and fluids,Healthy
24,Female,Sore throat,Body ache,Headache,118,39.2,96,Mild,Rest and fluids,Healthy
23,Male,Shortness of breath,Sore throat,Fatigue,67,36.6,93,Mild,Rest and fluids,Healthy
21,Male,Sore throat,Fatigue,Headache,104,37.5,94,Mild,Rest and fluids,Healthy
49,Female,Runny nose,Body ache,Cough,87,37.2,98,Mild,Rest and fluids,Healthy
61,Male,Body ache,Shortness of breath,Runny nose,68,38.2,92,Mild,Rest and fluids,Healthy
41,Female,Cough,Sore throat,Shortness of breath,63,38.8,98,Mild,Rest and fluids,Healthy
67,Female,Shortness of breath,Cough,Fever,83,39.9,97,Moderate,Medication and rest,Flu
34,Female,Fatigue,Headache,Shortness of breath,84,38.3,95,Mild,Rest and fluids,Healthy
70,Female,Headache,Cough,Fever,93,38.8,95,Moderate,Medication and rest,Flu
53,Female,Body ache,Headache,Fever,93,39.0,98,Moderate,Medication and rest,Flu
34,Female,Cough,Runny nose,Sore throat,102,39.8,98,Mild,Rest and fluids,Healthy
52,Male,Headache,Cough,Fever,77,38.1,94,Moderate,Medication and rest,Flu
37,Male,Headache,Fever,Sore throat,103,36.9,98,Mild,Rest and fluids,Healthy
73,Female,Fatigue,Sore throat,Shortness of breath,80,38.8,95,Mild,Rest and fluids,Healthy
34,Female,Body ache,Runny nose,Cough,109,35.7,95,Mild,Rest and fluids,Healthy
32,Male,Runny nose,Fever,Headache,106,36.2,94,Mild,Rest and fluids,Healthy
67,Female,Fever,Headache,Sore throat,94,36.8,91,Mild,Rest and fluids,Healthy
28,Male,Headache,Cough,Fever,99,36.3,97,Mild,Rest and fluids,Cold
57,Male,Shortness of breath,Runny nose,Sore throat,100,36.3,91,Mild,Rest and fluids,Healthy
59,Male,Runny nose,Headache,Fever,78,38.0,96,Mild,Rest and fluids,Healthy
27,Male,Headache,Sore throat,Fatigue,88,38.4,92,Mild,Rest and fluids,Healthy
32,Female,Fatigue,Fever,Runny nose,64,38.4,98,Moderate,Medication and rest,Flu
57,Male,Cough,Runny nose,Headache,62,38.9,91,Severe,Hospitalization and medication,Bronchitis
47,Male,Body ache,Cough,Headache,111,39.8,91,Severe,Hospitalization and medication,Bronchitis
40,Male,Headache,Fever,Cough,111,39.5,99,Moderate,Medication and rest,Flu
32,Female,Fever,Sore throat,Body ache,98,35.7,93,Mild,Rest and fluids,Healthy
30,Male,Cough,Headache,Fever,108,37.8,95,Mild,Rest and fluids,Healthy
56,Male,Sore throat,Fatigue,Body ache,89,35.7,93,Mild,Rest and fluids,Healthy
64,Female,Fever,Fatigue,Shortness of breath,112,38.7,92,Severe,Hospitalization and medication,Pneumonia
70,Male,Runny nose,Body ache,Headache,76,37.2,98,Mild,Rest and fluids,Healthy
21,Male,Shortness of breath,Fatigue,Headache,67,38.8,91,Mild,Rest and fluids,Healthy
44,Female,Sore throat,Shortness of breath,Body ache,83,35.9,99,Mild,Rest and fluids,Cold
51,Male,Headache,Fatigue,Runny nose,111,37.4,99,Mild,Rest and fluids,Healthy
60,Female,Fatigue,Fever,Body ache,112,37.6,91,Mild,Rest and fluids,Healthy
22,Female,Fever,Cough,Shortness of breath,104,38.4,90,Severe,Hospitalization and medication,Pneumonia
60,Male,Body ache,Sore throat,Fatigue,69,36.0,97,Mild,Rest and fluids,Cold
40,Male,Shortness of breath,Fever,Body ache,81,38.2,97,Moderate,Medication and rest,Flu
46,Female,Fever,Runny nose,Fatigue,82,39.8,97,Moderate,Medication and rest,Flu
19,Female,Headache,Body ache,Shortness of breath,84,37.5,94,Mild,Rest and fluids,Healthy
35,Male,Fatigue,Shortness of breath,Runny nose,63,38.7,91,Mild,Rest and fluids,Healthy
57,Female,Fever,Cough,Body ache,99,39.4,94,Moderate,Medication and rest,Flu
64,Female,Runny nose,Headache,Sore throat,102,38.0,94,Mild,Rest and fluids,Healthy
73,Female,Headache,Sore throat,Shortness of breath,101,38.1,97,Mild,Rest and fluids,Healthy
41,Male,Fatigue,Fever,Cough,74,36.4,99,Mild,Rest and fluids,Cold
79,Female,Fever,Body ache,Runny nose,74,36.2,91,Mild,Rest and fluids,Healthy
21,Female,Runny nose,Cough,Body ache,98,37.5,93,Severe,Hospitalization and medication,Bronchitis
73,Female,Runny nose,Cough,Headache,62,36.5,99,Mild,Rest and fluids,Healthy
53,Male,Cough,Fatigue,Body ache,114,35.7,94,Severe,Hospitalization and medication,Bronchitis
43,Male,Body ache,Runny nose,Sore throat,119,39.8,96,Mild,Rest and fluids,Healthy
36,Male,Fever,Shortness of breath,Fatigue,86,36.7,94,Mild,Rest and fluids,Healthy
55,Male,Sore throat,Body ache,Shortness of breath,75,36.3,96,Mild,Rest and fluids,Cold
20,Female,Headache,Fever,Fatigue,101,37.6,92,Mild,Rest and fluids,Healthy
73,Male,Cough,Body ache,Runny nose,78,37.7,95,Mild,Rest and fluids,Healthy
71,Male,Fatigue,Cough,Shortness of breath,105,37.1,96,Mild,Rest and fluids,Healthy
40,Female,Shortness of breath,Body ache,Runny nose,117,37.4,94,Mild,Rest and fluids,Healthy
39,Female,Shortness of breath,Body ache,Fatigue,80,37.6,95,Mild,Rest and fluids,Healthy
52,Male,Cough,Runny nose,Shortness of breath,109,39.1,90,Severe,Hospitalization and medication,Bronchitis
71,Male,Runny nose,Shortness of breath,Fatigue,112,36.9,98,Mild,Rest and fluids,Healthy
35,Female,Shortness of breath,Body ache,Fatigue,91,37.3,94,Mild,Rest and fluids,Healthy
69,Male,Runny nose,Cough,Fever,69,36.7,92,Severe,Hospitalization and medication,Bronchitis
25,Female,Cough,Headache,Fatigue,85,39.0,94,Severe,Hospitalization and medication,Bronchitis
30,Male,Runny nose,Sore throat,Shortness of breath,111,37.7,97,Mild,Rest and fluids,Healthy
55,Male,Shortness of breath,Sore throat,Body ache,69,39.7,98,Mild,Rest and fluids,Healthy
60,Male,Sore throat,Shortness of breath,Runny nose,97,38.3,96,Mild,Rest and fluids,Healthy
34,Male,Fatigue,Headache,Shortness of breath,79,39.7,93,Mild,Rest and fluids,Healthy
76,Male,Fatigue,Shortness of breath,Cough,114,38.4,94,Severe,Hospitalization and medication,Bronchitis
56,Male,Shortness of breath,Cough,Runny nose,94,36.9,99,Mild,Rest and fluids,Healthy
30,Male,Fever,Sore throat,Body ache,82,36.8,98,Mild,Rest and fluids,Healthy
73,Male,Body ache,Cough,Shortness of breath,103,38.6,95,Mild,Rest and fluids,Healthy
52,Male,Runny nose,Sore throat,Headache,94,36.9,98,Mild,Rest and fluids,Healthy
52,Male,Sore throat,Headache,Cough,116,37.7,92,Severe,Hospitalization and medication,Bronchitis
36,Male,Fatigue,Headache,Cough,106,39.2,96,Mild,Rest and fluids,Healthy
49,Female,Fever,Cough,Runny nose,75,36.9,93,Severe,Hospitalization and medication,Bronchitis
50,Male,Fever,Runny nose,Headache,106,38.2,95,Moderate,Medication and rest,Flu
51,Female,Sore throat,Headache,Fatigue,79,37.6,95,Mild,Rest and fluids,Healthy
41,Female,Headache,Cough,Sore throat,103,35.7,91,Severe,Hospitalization and medication,Bronchitis
62,Male,Sore throat,Runny nose,Fatigue,102,37.5,97,Mild,Rest and fluids,Healthy
74,Female,Fever,Fatigue,Shortness of breath,64,38.3,96,Moderate,Medication and rest,Flu
65,Female,Shortness of breath,Headache,Cough,95,36.8,96,Mild,Rest and fluids,Healthy
19,Male,Sore throat,Headache,Runny nose,107,35.7,96,Mild,Rest and fluids,Cold
49,Female,Runny nose,Shortness of breath,Body ache,77,39.3,91,Mild,Rest and fluids,Healthy
18,Female,Fatigue,Cough,Fever,108,36.5,97,Mild,Rest and fluids,Healthy
21,Female,Headache,Sore throat,Cough,66,37.8,91,Severe,Hospitalization and medication,Bronchitis
72,Male,Headache,Fever,Shortness of breath,108,37.1,95,Mild,Rest and fluids,Healthy
24,Male,Fatigue,Runny nose,Fever,106,37.7,90,Mild,Rest and fluids,Healthy
40,Female,Shortness of breath,Headache,Body ache,77,38.0,99,Mild,Rest and fluids,Healthy
66,Female,Shortness of breath,Body ache,Runny nose,105,38.1,96,Mild,Rest and fluids,Healthy
65,Female,Runny nose,Sore throat,Cough,111,36.4,91,Severe,Hospitalization and medication,Bronchitis
69,Female,Fatigue,Sore throat,Body ache,85,36.5,93,Mild,Rest and fluids,Healthy
47,Male,Sore throat,Cough,Shortness of breath,86,37.6,92,Severe,Hospitalization and medication,Bronchitis
78,Male,Headache,Fever,Cough,69,38.4,97,Moderate,Medication and rest,Flu
23,Female,Sore throat,Headache,Cough,87,37.7,95,Mild,Rest and fluids,Healthy
28,Male,Sore throat,Fever,Body ache,72,37.5,93,Mild,Rest and fluids,Healthy
18,Male,Sore throat,Runny nose,Fever,65,38.6,96,Moderate,Medication and rest,Flu
44,Male,Sore throat,Fever,Body ache,104,37.6,99,Mild,Rest and fluids,Healthy
55,Female,Body ache,Runny nose,Fatigue,95,38.8,90,Mild,Rest and fluids,Healthy
44,Female,Sore throat,Fatigue,Cough,64,36.1,98,Mild,Rest and fluids,Cold
27,Female,Sore throat,Shortness of breath,Cough,107,36.0,99,Mild,Rest and fluids,Cold
76,Male,Headache,Shortness of breath,Body ache,98,38.6,99,Mild,Rest and fluids,Healthy
45,Female,Runny nose,Cough,Sore throat,92,39.2,92,Severe,Hospitalization and medication,Bronchitis
44,Female,Cough,Sore throat,Fatigue,101,38.9,98,Mild,Rest and fluids,Healthy
37,Female,Body ache,Cough,Runny nose,101,36.4,97,Mild,Rest and fluids,Cold
64,Male,Headache,Cough,Fatigue,65,38.3,97,Mild,Rest and fluids,Healthy
24,Male,Headache,Sore throat,Shortness of breath,79,36.2,91,Mild,Rest and fluids,Healthy
72,Male,Shortness of breath,Fever,Headache,89,36.0,92,Mild,Rest and fluids,Healthy
39,Male,Cough,Sore throat,Fatigue,69,36.4,98,Mild,Rest and fluids,Cold
55,Female,Fatigue,Shortness of breath,Cough,71,38.3,90,Severe,Hospitalization and medication,Bronchitis
63,Male,Body ache,Fatigue,Shortness of breath,81,36.8,95,Mild,Rest and fluids,Healthy
47,Female,Shortness of breath,Headache,Body ache,61,39.9,90,Mild,Rest and fluids,Healthy
78,Male,Shortness of breath,Runny nose,Cough,92,39.6,99,Mild,Rest and fluids,Healthy
33,Male,Runny nose,Fever,Cough,97,38.4,92,Moderate,Medication and rest,Flu
26,Male,Cough,Runny nose,Body ache,64,36.7,96,Mild,Rest and fluids,Healthy
57,Male,Cough,Shortness of breath,Headache,101,38.2,94,Severe,Hospitalization and medication,Bronchitis
53,Female,Shortness of breath,Cough,Runny nose,62,35.5,94,Severe,Hospitalization and medication,Bronchitis
29,Female,Cough,Shortness of breath,Headache,68,35.8,94,Severe,Hospitalization and medication,Bronchitis
58,Female,Sore throat,Fever,Cough,86,37.6,94,Severe,Hospitalization and medication,Bronchitis
27,Male,Sore throat,Shortness of breath,Runny nose,118,38.4,92,Mild,Rest and fluids,Healthy
56,Female,Shortness of breath,Cough,Fever,82,36.5,92,Severe,Hospitalization and medication,Bronchitis
52,Male,Body ache,Cough,Sore throat,93,39.2,92,Severe,Hospitalization and medication,Bronchitis
40,Female,Fever,Headache,Cough,101,36.4,94,Severe,Hospitalization and medication,Bronchitis
41,Male,Fatigue,Shortness of breath,Body ache,82,35.7,96,Mild,Rest and fluids,Cold
71,Male,Fatigue,Cough,Sore throat,63,37.6,91,Severe,Hospitalization and medication,Bronchitis
38,Female,Fever,Runny nose,Sore throat,67,36.1,93,Mild,Rest and fluids,Healthy
71,Male,Fatigue,Headache,Sore throat,67,38.7,91,Mild,Rest and fluids,Healthy
60,Male,Shortness of breath,Fever,Fatigue,64,38.1,96,Moderate,Medication and rest,Flu
36,Female,Fever,Runny nose,Body ache,72,38.6,97,Moderate,Medication and rest,Flu
32,Male,Sore throat,Fatigue,Fever,117,37.2,98,Mild,Rest and fluids,Healthy
49,Male,Fever,Runny nose,Cough,104,37.2,96,Mild,Rest and fluids,Healthy
19,Male,Shortness of breath,Headache,Fatigue,104,39.5,93,Mild,Rest and fluids,Healthy
56,Female,Fever,Body ache,Headache,77,38.2,91,Moderate,Medication and rest,Flu
71,Male,Runny nose,Cough,Headache,62,36.8,90,Severe,Hospitalization and medication,Bronchitis
36,Male,Body ache,Cough,Fever,73,39.6,95,Moderate,Medication and rest,Flu
53,Male,Shortness of breath,Runny nose,Headache,71,35.6,92,Mild,Rest and fluids,Healthy
21,Female,Shortness of breath,Cough,Body ache,116,37.0,99,Mild,Rest and fluids,Healthy
57,Female,Body ache,Cough,Fever,75,38.6,95,Moderate,Medication and rest,Flu
40,Female,Runny nose,Body ache,Fever,119,38.2,95,Moderate,Medication and rest,Flu
61,Female,Cough,Fever,Headache,68,37.0,96,Mild,Rest and fluids,Healthy
52,Male,Cough,Fever,Body ache,61,39.5,96,Moderate,Medication and rest,Flu
22,Female,Cough,Sore throat,Fatigue,74,36.5,97,Mild,Rest and fluids,Healthy
61,Male,Shortness of breath,Headache,Fatigue,99,36.4,95,Mild,Rest and fluids,Healthy
61,Male,Shortness of breath,Runny nose,Headache,85,38.2,96,Mild,Rest and fluids,Healthy
65,Female,Fever,Shortness of breath,Headache,112,38.6,91,Severe,Hospitalization and medication,Pneumonia
29,Male,Fever,Cough,Fatigue,107,38.5,94,Severe,Hospitalization and medication,Pneumonia
51,Female,Fatigue,Cough,Runny nose,69,35.6,92,Severe,Hospitalization and medication,Bronchitis
60,Male,Sore throat,Runny nose,Fever,67,37.8,93,Mild,Rest and fluids,Healthy
19,Male,Sore throat,Shortness of breath,Fatigue,78,36.7,97,Mild,Rest and fluids,Healthy
45,Female,Fever,Cough,Runny nose,69,37.6,95,Mild,Rest and fluids,Healthy
65,Male,Runny nose,Fatigue,Cough,73,39.2,95,Mild,Rest and fluids,Healthy
54,Male,Body ache,Shortness of breath,Sore throat,81,37.5,93,Mild,Rest and fluids,Healthy
62,Female,Headache,Fever,Runny nose,106,36.1,94,Mild,Rest and fluids,Healthy
72,Female,Cough,Fever,Body ache,64,37.1,90,Severe,Hospitalization and medication,Bronchitis
46,Female,Headache,Fatigue,Shortness of breath,83,36.2,97,Mild,Rest and fluids,Cold
67,Female,Cough,Headache,Body ache,87,38.8,93,Severe,Hospitalization and medication,Bronchitis
35,Female,Body ache,Fatigue,Cough,91,39.6,90,Severe,Hospitalization and medication,Bronchitis
34,Male,Shortness of breath,Fatigue,Cough,84,36.8,94,Severe,Hospitalization and medication,Bronchitis
23,Female,Shortness of breath,Fever,Runny nose,103,35.6,93,Mild,Rest and fluids,Healthy
57,Female,Runny nose,Shortness of breath,Headache,70,38.6,95,Mild,Rest and fluids,Healthy
58,Female,Headache,Sore throat,Shortness of breath,82,39.7,95,Mild,Rest and fluids,Healthy
28,Male,Runny nose,Fatigue,Cough,103,36.1,93,Severe,Hospitalization and medication,Bronchitis
61,Male,Fatigue,Headache,Body ache,71,38.8,99,Mild,Rest and fluids,Healthy
61,Female,Body ache,Cough,Runny nose,89,39.2,96,Mild,Rest and fluids,Healthy
35,Male,Shortness of breath,Fatigue,Runny nose,73,36.3,93,Mild,Rest and fluids,Healthy
25,Female,Fatigue,Shortness of breath,Body ache,102,38.2,97,Mild,Rest and fluids,Healthy
32,Male,Body ache,Fatigue,Shortness of breath,90,37.2,98,Mild,Rest and fluids,Healthy
35,Female,Sore throat,Runny nose,Shortness of breath,109,37.5,90,Mild,Rest and fluids,Healthy
23,Male,Body ache,Sore throat,Shortness of breath,65,39.4,90,Mild,Rest and fluids,Healthy
58,Male,Body ache,Sore throat,Cough,119,38.7,99,Mild,Rest and fluids,Healthy
57,Male,Fatigue,Cough,Headache,82,36.9,96,Mild,Rest and fluids,Healthy
28,Female,Cough,Headache,Sore throat,109,38.6,96,Mild,Rest and fluids,Healthy
78,Female,Headache,Cough,Sore throat,112,37.6,91,Severe,Hospitalization and medication,Bronchitis
72,Male,Shortness of breath,Runny nose,Sore throat,78,36.8,94,Mild,Rest and fluids,Healthy
74,Female,Fatigue,Cough,Headache,62,38.7,98,Mild,Rest and fluids,Healthy
53,Male,Runny nose,Cough,Fatigue,77,39.3,92,Severe,Hospitalization and medication,Bronchitis
58,Female,Runny nose,Body ache,Cough,69,39.2,90,Severe,Hospitalization and medication,Bronchitis
74,Male,Headache,Body ache,Shortness of breath,81,39.1,94,Mild,Rest and fluids,Healthy
33,Male,Fatigue,Fever,Sore throat,64,39.0,99,Moderate,Medication and rest,Flu
34,Male,Fatigue,Body ache,Cough,80,37.2,94,Severe,Hospitalization and medication,Bronchitis
47,Female,Sore throat,Fatigue,Headache,108,36.2,98,Mild,Rest and fluids,Cold
61,Male,Cough,Fever,Sore throat,94,36.6,92,Severe,Hospitalization and medication,Bronchitis
23,Female,Fever,Fatigue,Sore throat,81,38.0,96,Mild,Rest and fluids,Healthy
43,Female,Headache,Runny nose,Fatigue,69,39.7,93,Mild,Rest and fluids,Healthy
59,Female,Body ache,Cough,Headache,73,35.9,96,Mild,Rest and fluids,Cold
31,Male,Shortness of breath,Cough,Body ache,116,38.5,91,Severe,Hospitalization and medication,Bronchitis
71,Female,Shortness of breath,Fatigue,Body ache,110,37.9,91,Mild,Rest and fluids,Healthy
49,Female,Cough,Fatigue,Runny nose,84,36.7,93,Severe,Hospitalization and medication,Bronchitis
79,Female,Fatigue,Fever,Cough,72,38.3,93,Moderate,Medication and rest,Flu
30,Male,Shortness of breath,Body ache,Sore throat,103,35.7,97,Mild,Rest and fluids,Cold
55,Female,Shortness of breath,Runny nose,Fatigue,109,38.1,97,Mild,Rest and fluids,Healthy
27,Female,Headache,Runny nose,Fever,78,36.5,90,Mild,Rest and fluids,Healthy
61,Female,Fatigue,Body ache,Shortness of breath,77,39.1,95,Mild,Rest and fluids,Healthy
51,Female,Fever,Headache,Runny nose,99,38.6,95,Moderate,Medication and rest,Flu
46,Male,Cough,Fatigue,Headache,70,39.7,96,Mild,Rest and fluids,Healthy
41,Female,Sore throat,Runny nose,Fever,113,35.5,91,Mild,Rest and fluids,Healthy
20,Male,Body ache,Headache,Runny nose,118,39.4,95,Mild,Rest and fluids,Healthy
45,Male,Fatigue,Cough,Runny nose,111,35.9,99,Mild,Rest and fluids,Cold
48,Male,Cough,Sore throat,Fever,112,39.1,91,Severe,Hospitalization and medication,Pneumonia
46,Male,Runny nose,Fatigue,Fever,77,35.7,93,Mild,Rest and fluids,Healthy
57,Male,Fatigue,Fever,Body ache,91,38.7,92,Moderate,Medication and rest,Flu
74,Male,Shortness of breath,Fatigue,Headache,60,38.3,99,Mild,Rest and fluids,Healthy
60,Male,Runny nose,Body ache,Fever,119,37.1,95,Mild,Rest and fluids,Healthy
30,Male,Body ache,Shortness of breath,Runny nose,90,38.9,92,Mild,Rest and fluids,Healthy
27,Female,Runny nose,Sore throat,Headache,110,37.4,96,Mild,Rest and fluids,Healthy
25,Female,Runny nose,Fever,Cough,80,39.7,95,Moderate,Medication and rest,Flu
32,Male,Sore throat,Headache,Shortness of breath,117,37.6,95,Mild,Rest and fluids,Healthy
61,Female,Sore throat,Headache,Fever,96,35.5,96,Mild,Rest and fluids,Cold
37,Female,Fatigue,Runny nose,Fever,85,35.6,99,Mild,Rest and fluids,Cold
40,Male,Sore throat,Body ache,Headache,70,37.1,99,Mild,Rest and fluids,Healthy
52,Female,Body ache,Cough,Shortness of breath,103,35.9,99,Mild,Rest and fluids,Cold
63,Female,Body ache,Headache,Fatigue,105,38.2,99,Mild,Rest and fluids,Healthy
21,Female,Fever,Sore throat,Headache,71,37.8,96,Mild,Rest and fluids,Healthy
64,Male,Body ache,Cough,Fever,88,39.0,93,Moderate,Medication and rest,Flu
57,Male,Cough,Headache,Body ache,63,36.9,99,Mild,Rest and fluids,Healthy
76,Female,Shortness of breath,Fever,Sore throat,79,39.5,93,Moderate,Medication and rest,Flu
32,Male,Cough,Fever,Headache,89,38.8,99,Moderate,Medication and rest,Flu
69,Male,Sore throat,Cough,Runny nose,79,37.7,91,Severe,Hospitalization and medication,Bronchitis
25,Female,Shortness of breath,Runny nose,Sore throat,85,35.8,96,Mild,Rest and fluids,Cold
66,Female,Runny nose,Sore throat,Body ache,78,36.1,90,Mild,Rest and fluids,Healthy
49,Female,Body ache,Headache,Sore throat,101,37.4,99,Mild,Rest and fluids,Healthy
44,Female,Fever,Shortness of breath,Fatigue,82,37.5,96,Mild,Rest and fluids,Healthy
51,Male,Runny nose,Headache,Fever,85,38.6,98,Moderate,Medication and rest,Flu
65,Female,Body ache,Sore throat,Runny nose,99,36.1,94,Mild,Rest and fluids,Healthy
78,Male,Headache,Shortness of breath,Sore throat,88,36.2,99,Mild,Rest and fluids,Cold
27,Male,Fatigue,Cough,Runny nose,104,37.8,91,Severe,Hospitalization and medication,Bronchitis
56,Male,Shortness of breath,Fever,Sore throat,75,36.4,95,Mild,Rest and fluids,Healthy
22,Male,Sore throat,Cough,Shortness of breath,76,35.5,94,Severe,Hospitalization and medication,Bronchitis
73,Male,Headache,Cough,Runny nose,79,36.0,96,Mild,Rest and fluids,Cold
74,Male,Body ache,Headache,Shortness of breath,81,36.1,97,Mild,Rest and fluids,Cold
49,Female,Body ache,Fever,Runny nose,69,37.1,91,Mild,Rest and fluids,Healthy
60,Female,Shortness of breath,Fatigue,Body ache,107,37.5,98,Mild,Rest and fluids,Healthy
62,Male,Cough,Body ache,Runny nose,62,39.6,95,Mild,Rest and fluids,Healthy
68,Female,Sore throat,Shortness of breath,Fever,88,38.1,92,Moderate,Medication and rest,Flu
52,Male,Body ache,Headache,Fever,95,36.9,96,Mild,Rest and fluids,Healthy
63,Female,Headache,Sore throat,Fatigue,107,36.2,94,Mild,Rest and fluids,Healthy
60,Female,Body ache,Cough,Runny nose,62,35.9,93,Severe,Hospitalization and medication,Bronchitis
35,Male,Shortness of breath,Cough,Runny nose,64,38.4,91,Severe,Hospitalization and medication,Bronchitis
35,Female,Fatigue,Body ache,Shortness of breath,104,37.0,98,Mild,Rest and fluids,Healthy
49,Female,Fatigue,Shortness of breath,Body ache,89,35.5,94,Mild,Rest and fluids,Healthy
41,Male,Runny nose,Shortness of breath,Fatigue,60,36.2,95,Mild,Rest and fluids,Healthy
53,Male,Body ache,Shortness of breath,Headache,60,37.0,92,Mild,Rest and fluids,Healthy
78,Male,Cough,Fatigue,Fever,102,38.7,99,Moderate,Medication and rest,Flu
74,Male,Runny nose,Sore throat,Fever,72,35.5,95,Mild,Rest and fluids,Healthy
38,Female,Fatigue,Fever,Headache,114,38.1,99,Moderate,Medication and rest,Flu
31,Male,Fever,Headache,Cough,112,38.6,96,Moderate,Medication and rest,Flu
21,Female,Body ache,Cough,Sore throat,107,38.3,99,Mild,Rest and fluids,Healthy
27,Female,Fatigue,Cough,Fever,86,39.0,96,Moderate,Medication and rest,Flu
49,Male,Shortness of breath,Fatigue,Sore throat,86,39.7,96,Mild,Rest and fluids,Healthy
21,Female,Body ache,Shortness of breath,Headache,69,36.8,90,Mild,Rest and fluids,Healthy
42,Male,Cough,Body ache,Sore throat,116,37.8,91,Severe,Hospitalization and medication,Bronchitis
47,Male,Shortness of breath,Fever,Cough,65,36.2,90,Severe,Hospitalization and medication,Bronchitis
27,Male,Headache,Shortness of breath,Cough,105,36.4,91,Severe,Hospitalization and medication,Bronchitis
30,Male,Runny nose,Cough,Body ache,63,37.7,93,Severe,Hospitalization and medication,Bronchitis
29,Male,Sore throat,Cough,Shortness of breath,96,39.8,90,Severe,Hospitalization and medication,Bronchitis
64,Female,Fatigue,Runny nose,Sore throat,100,38.8,94,Mild,Rest and fluids,Healthy
31,Female,Headache,Runny nose,Shortness of breath,62,36.6,91,Mild,Rest and fluids,Healthy
33,Female,Fever,Cough,Fatigue,104,37.3,91,Severe,Hospitalization and medication,Bronchitis
74,Male,Sore throat,Fatigue,Shortness of breath,92,39.3,97,Mild,Rest and fluids,Healthy
54,Female,Headache,Body ache,Shortness of breath,63,36.8,91,Mild,Rest and fluids,Healthy
51,Male,Runny nose,Fever,Fatigue,66,36.0,91,Mild,Rest and fluids,Healthy
57,Male,Sore throat,Fever,Cough,66,38.4,98,Moderate,Medication and rest,Flu
51,Female,Runny nose,Fever,Sore throat,61,37.6,95,Mild,Rest and fluids,Healthy
26,Male,Cough,Body ache,Fever,73,39.0,95,Moderate,Medication and rest,Flu
37,Female,Headache,Fatigue,Cough,93,39.2,94,Severe,Hospitalization and medication,Bronchitis
24,Male,Shortness of breath,Body ache,Sore throat,98,39.8,90,Mild,Rest and fluids,Healthy
50,Male,Headache,Cough,Shortness of breath,66,38.9,97,Mild,Rest and fluids,Healthy
60,Male,Body ache,Fever,Cough,112,36.2,97,Mild,Rest and fluids,Cold
79,Male,Cough,Sore throat,Runny nose,119,37.4,95,Mild,Rest and fluids,Healthy
30,Male,Fever,Runny nose,Body ache,77,39.5,95,Moderate,Medication and rest,Flu
32,Male,Cough,Sore throat,Runny nose,119,39.7,96,Mild,Rest and fluids,Healthy
29,Male,Cough,Headache,Sore throat,85,39.5,95,Mild,Rest and fluids,Healthy
59,Male,Cough,Shortness of breath,Fever,115,35.6,97,Mild,Rest and fluids,Cold
18,Female,Headache,Fever,Shortness of breath,98,38.6,92,Moderate,Medication and rest,Flu
46,Female,Headache,Fever,Runny nose,115,37.1,98,Mild,Rest and fluids,Healthy
33,Male,Headache,Sore throat,Cough,103,38.9,96,Mild,Rest and fluids,Healthy
67,Male,Fatigue,Body ache,Headache,78,39.7,90,Mild,Rest and fluids,Healthy
65,Male,Headache,Fever,Runny nose,62,39.1,90,Moderate,Medication and rest,Flu
21,Female,Headache,Shortness of breath,Runny nose,87,37.1,92,Mild,Rest and fluids,Healthy
56,Female,Fatigue,Runny nose,Cough,70,36.1,99,Mild,Rest and fluids,Cold
71,Male,Fever,Body ache,Fatigue,95,38.2,99,Moderate,Medication and rest,Flu
21,Male,Cough,Runny nose,Sore throat,99,35.7,90,Severe,Hospitalization and medication,Bronchitis
31,Female,Sore throat,Fever,Body ache,84,36.8,94,Mild,Rest and fluids,Healthy
62,Female,Fatigue,Fever,Cough,114,37.1,96,Mild,Rest and fluids,Healthy
39,Male,Runny nose,Fatigue,Cough,117,39.4,95,Mild,Rest and fluids,Healthy
38,Female,Sore throat,Body ache,Runny nose,81,39.8,90,Mild,Rest and fluids,Healthy
59,Male,Runny nose,Body ache,Headache,91,38.6,90,Mild,Rest and fluids,Healthy
71,Male,Fever,Fatigue,Headache,76,37.1,96,Mild,Rest and fluids,Healthy
33,Female,Body ache,Fever,Fatigue,77,35.5,93,Mild,Rest and fluids,Healthy
37,Male,Fatigue,Shortness of breath,Headache,62,38.9,99,Mild,Rest and fluids,Healthy
40,Female,Shortness of breath,Cough,Sore throat,98,37.0,91,Severe,Hospitalization and medication,Bronchitis
30,Female,Headache,Sore throat,Fever,115,39.7,95,Moderate,Medication and rest,Flu
44,Female,Cough,Body ache,Sore throat,63,39.8,95,Mild,Rest and fluids,Healthy
29,Female,Headache,Shortness of breath,Fatigue,110,37.7,93,Mild,Rest and fluids,Healthy
65,Male,Shortness of breath,Headache,Cough,88,37.5,91,Severe,Hospitalization and medication,Bronchitis
35,Male,Shortness of breath,Fatigue,Runny nose,75,38.9,92,Mild,Rest and fluids,Healthy
23,Female,Headache,Cough,Shortness of breath,89,37.5,97,Mild,Rest and fluids,Healthy
61,Female,Sore throat,Headache,Runny nose,74,35.9,91,Mild,Rest and fluids,Healthy
73,Female,Runny nose,Shortness of breath,Cough,72,36.5,97,Mild,Rest and fluids,Healthy
38,Female,Cough,Shortness of breath,Fatigue,111,36.8,92,Severe,Hospitalization and medication,Bronchitis
35,Female,Shortness of breath,Headache,Body ache,81,36.7,97,Mild,Rest and fluids,Healthy
47,Male,Body ache,Fever,Fatigue,111,39.8,96,Moderate,Medication and rest,Flu
26,Female,Sore throat,Headache,Body ache,66,39.6,91,Mild,Rest and fluids,Healthy
38,Male,Fever,Sore throat,Headache,98,37.1,93,Mild,Rest and fluids,Healthy
37,Male,Body ache,Runny nose,Sore throat,68,37.1,98,Mild,Rest and fluids,Healthy
35,Male,Fatigue,Cough,Runny nose,95,35.8,97,Mild,Rest and fluids,Cold
29,Female,Fever,Fatigue,Runny nose,71,38.4,90,Moderate,Medication and rest,Flu
41,Female,Headache,Runny nose,Fever,74,36.1,97,Mild,Rest and fluids,Cold
53,Male,Cough,Fatigue,Body ache,88,37.4,96,Mild,Rest and fluids,Healthy
32,Female,Cough,Fever,Headache,89,36.3,93,Severe,Hospitalization and medication,Bronchitis
73,Male,Cough,Runny nose,Fatigue,78,37.6,96,Mild,Rest and fluids,Healthy
79,Female,Headache,Runny nose,Sore throat,98,38.0,91,Mild,Rest and fluids,Healthy
52,Male,Sore throat,Body ache,Fever,117,35.9,97,Mild,Rest and fluids,Cold
79,Male,Headache,Cough,Sore throat,118,37.8,91,Severe,Hospitalization and medication,Bronchitis
75,Female,Headache,Runny nose,Body ache,118,35.8,92,Mild,Rest and fluids,Healthy
74,Female,Cough,Body ache,Fatigue,65,39.1,99,Mild,Rest and fluids,Healthy
76,Male,Sore throat,Fever,Shortness of breath,63,39.0,93,Moderate,Medication and rest,Flu
29,Male,Fatigue,Sore throat,Headache,61,38.0,97,Mild,Rest and fluids,Healthy
61,Male,Headache,Runny nose,Fatigue,94,37.0,92,Mild,Rest and fluids,Healthy
25,Female,Sore throat,Runny nose,Fatigue,69,36.6,93,Mild,Rest and fluids,Healthy
38,Female,Cough,Fatigue,Headache,116,39.6,94,Severe,Hospitalization and medication,Bronchitis
30,Female,Headache,Fever,Runny nose,112,37.9,95,Mild,Rest and fluids,Healthy
55,Female,Body ache,Fatigue,Headache,87,36.2,92,Mild,Rest and fluids,Healthy
78,Male,Runny nose,Shortness of breath,Headache,88,37.3,93,Mild,Rest and fluids,Healthy
58,Male,Sore throat,Cough,Headache,61,38.8,93,Severe,Hospitalization and medication,Bronchitis
71,Male,Fever,Sore throat,Body ache,86,35.6,94,Mild,Rest and fluids,Healthy
68,Male,Runny nose,Shortness of breath,Cough,88,36.0,92,Severe,Hospitalization and medication,Bronchitis
37,Male,Fatigue,Body ache,Runny nose,78,36.7,91,Mild,Rest and fluids,Healthy
74,Male,Body ache,Cough,Shortness of breath,74,39.6,95,Mild,Rest and fluids,Healthy
76,Female,Headache,Runny nose,Cough,78,36.9,93,Severe,Hospitalization and medication,Bronchitis
34,Male,Headache,Runny nose,Shortness of breath,97,38.1,96,Mild,Rest and fluids,Healthy
58,Male,Fatigue,Sore throat,Body ache,95,39.5,94,Mild,Rest and fluids,Healthy
40,Female,Headache,Cough,Shortness of breath,94,39.1,95,Mild,Rest and fluids,Healthy
49,Female,Shortness of breath,Headache,Sore throat,68,39.4,98,Mild,Rest and fluids,Healthy
57,Male,Fatigue,Cough,Shortness of breath,70,39.6,98,Mild,Rest and fluids,Healthy
23,Female,Headache,Cough,Sore throat,81,36.6,99,Mild,Rest and fluids,Healthy
62,Male,Runny nose,Fatigue,Headache,117,39.4,97,Mild,Rest and fluids,Healthy
26,Female,Runny nose,Fatigue,Fever,90,37.5,98,Mild,Rest and fluids,Healthy
25,Male,Body ache,Runny nose,Cough,72,37.1,99,Mild,Rest and fluids,Healthy
19,Male,Fatigue,Shortness of breath,Cough,115,37.7,98,Mild,Rest and fluids,Healthy
19,Male,Cough,Runny nose,Sore throat,88,37.9,92,Severe,Hospitalization and medication,Bronchitis
58,Female,Fever,Sore throat,Cough,87,37.6,99,Mild,Rest and fluids,Healthy
20,Male,Cough,Headache,Fever,90,36.3,97,Mild,Rest and fluids,Cold
46,Female,Fever,Runny nose,Fatigue,62,36.7,95,Mild,Rest and fluids,Healthy
34,Male,Headache,Cough,Shortness of breath,60,39.1,96,Mild,Rest and fluids,Healthy
61,Female,Shortness of breath,Runny nose,Fatigue,119,37.6,91,Mild,Rest and fluids,Healthy
44,Female,Sore throat,Runny nose,Cough,84,39.3,97,Mild,Rest and fluids,Healthy
34,Female,Runny nose,Body ache,Headache,69,39.0,94,Mild,Rest and fluids,Healthy
34,Female,Body ache,Fever,Headache,90,39.3,92,Moderate,Medication and rest,Flu
75,Male,Sore throat,Cough,Fever,85,36.3,95,Mild,Rest and fluids,Healthy
62,Female,Headache,Fever,Body ache,68,38.5,94,Moderate,Medication and rest,Flu
22,Female,Shortness of breath,Headache,Runny nose,113,35.6,95,Mild,Rest and fluids,Healthy
74,Female,Cough,Sore throat,Body ache,94,38.9,97,Mild,Rest and fluids,Healthy
31,Male,Fever,Shortness of breath,Cough,73,38.5,99,Moderate,Medication and rest,Flu
60,Female,Shortness of breath,Fever,Body ache,65,36.2,91,Mild,Rest and fluids,Healthy
59,Male,Fatigue,Body ache,Headache,95,39.0,90,Mild,Rest and fluids,Healthy
66,Female,Fever,Sore throat,Shortness of breath,114,35.8,94,Mild,Rest and fluids,Healthy
54,Female,Runny nose,Body ache,Headache,71,38.4,97,Mild,Rest and fluids,Healthy
45,Female,Runny nose,Body ache,Cough,93,39.8,96,Mild,Rest and fluids,Healthy
52,Female,Body ache,Shortness of breath,Runny nose,107,37.1,92,Mild,Rest and fluids,Healthy
76,Male,Fatigue,Fever,Cough,94,35.6,96,Mild,Rest and fluids,Cold
75,Female,Headache,Runny nose,Fatigue,75,38.7,99,Mild,Rest and fluids,Healthy
35,Female,Shortness of breath,Fever,Headache,72,40.0,90,Moderate,Medication and rest,Flu
44,Female,Shortness of breath,Body ache,Runny nose,77,37.9,99,Mild,Rest and fluids,Healthy
77,Male,Headache,Fatigue,Body ache,98,39.7,98,Mild,Rest and fluids,Healthy
28,Male,Headache,Fever,Runny nose,94,36.3,91,Mild,Rest and fluids,Healthy
68,Male,Sore throat,Headache,Runny nose,119,36.0,93,Mild,Rest and fluids,Healthy
20,Male,Fever,Fatigue,Body ache,101,37.8,96,Mild,Rest and fluids,Healthy
26,Male,Sore throat,Body ache,Cough,104,38.0,92,Severe,Hospitalization and medication,Bronchitis
60,Female,Fatigue,Cough,Fever,87,37.9,95,Mild,Rest and fluids,Healthy
44,Female,Runny nose,Fatigue,Sore throat,70,35.8,90,Mild,Rest and fluids,Healthy
45,Male,Sore throat,Headache,Fever,66,39.3,94,Moderate,Medication and rest,Flu
48,Male,Fever,Body ache,Fatigue,116,39.4,91,Severe,Hospitalization and medication,Pneumonia
62,Male,Sore throat,Cough,Runny nose,79,37.2,92,Severe,Hospitalization and medication,Bronchitis
43,Male,Fever,Headache,Shortness of breath,104,36.6,96,Mild,Rest and fluids,Healthy
24,Female,Fatigue,Body ache,Shortness of breath,106,39.5,95,Mild,Rest and fluids,Healthy
78,Female,Runny nose,Cough,Sore throat,97,38.0,90,Severe,Hospitalization and medication,Bronchitis
64,Female,Sore throat,Headache,Runny nose,104,36.7,90,Mild,Rest and fluids,Healthy
60,Male,Fatigue,Cough,Runny nose,103,36.2,99,Mild,Rest and fluids,Cold
30,Male,Body ache,Runny nose,Cough,115,39.2,93,Severe,Hospitalization and medication,Bronchitis
67,Female,Shortness of breath,Fatigue,Headache,81,39.7,97,Mild,Rest and fluids,Healthy
74,Female,Headache,Fever,Runny nose,68,35.9,98,Mild,Rest and fluids,Cold
48,Female,Sore throat,Fever,Headache,64,36.1,97,Mild,Rest and fluids,Cold
20,Female,Cough,Sore throat,Fever,61,37.2,90,Severe,Hospitalization and medication,Bronchitis
18,Female,Runny nose,Headache,Cough,101,36.4,99,Mild,Rest and fluids,Cold
71,Male,Body ache,Fever,Headache,100,35.9,96,Mild,Rest and fluids,Cold
76,Male,Shortness of breath,Body ache,Fatigue,96,37.4,99,Mild,Rest and fluids,Healthy
35,Male,Sore throat,Shortness of breath,Body ache,98,36.8,96,Mild,Rest and fluids,Healthy
72,Female,Fatigue,Sore throat,Headache,68,37.2,96,Mild,Rest and fluids,Healthy
45,Female,Fever,Runny nose,Headache,116,39.0,98,Moderate,Medication and rest,Flu
64,Female,Fever,Fatigue,Body ache,66,38.4,92,Moderate,Medication and rest,Flu
66,Male,Body ache,Shortness of breath,Sore throat,87,35.9,92,Mild,Rest and fluids,Healthy
66,Female,Body ache,Cough,Fatigue,116,35.9,95,Mild,Rest and fluids,Healthy
63,Female,Fever,Runny nose,Cough,87,38.8,91,Moderate,Medication and rest,Flu
25,Male,Fatigue,Sore throat,Fever,108,38.1,95,Moderate,Medication and rest,Flu
40,Female,Fever,Cough,Headache,108,38.7,95,Moderate,Medication and rest,Flu
61,Male,Body ache,Sore throat,Cough,118,38.8,96,Mild,Rest and fluids,Healthy
61,Male,Headache,Cough,Fever,78,39.9,95,Moderate,Medication and rest,Flu
78,Female,Shortness of breath,Sore throat,Headache,96,36.7,95,Mild,Rest and fluids,Healthy
41,Female,Shortness of breath,Runny nose,Cough,62,38.6,96,Mild,Rest and fluids,Healthy
20,Female,Headache,Cough,Shortness of breath,104,38.9,98,Mild,Rest and fluids,Healthy
68,Female,Headache,Fever,Fatigue,63,39.6,91,Moderate,Medication and rest,Flu
35,Female,Cough,Runny nose,Fatigue,97,37.1,96,Mild,Rest and fluids,Healthy
79,Male,Sore throat,Fatigue,Body ache,72,38.1,90,Mild,Rest and fluids,Healthy
63,Female,Headache,Cough,Sore throat,115,38.3,95,Mild,Rest and fluids,Healthy
24,Female,Runny nose,Cough,Fever,88,39.3,92,Moderate,Medication and rest,Flu
72,Male,Fatigue,Runny nose,Body ache,87,36.7,95,Mild,Rest and fluids,Healthy
45,Male,Body ache,Fatigue,Headache,100,37.6,97,Mild,Rest and fluids,Healthy
75,Female,Body ache,Fatigue,Shortness of breath,118,39.0,98,Mild,Rest and fluids,Healthy
77,Male,Shortness of breath,Cough,Fever,99,35.9,92,Severe,Hospitalization and medication,Bronchitis
69,Male,Fatigue,Sore throat,Cough,73,36.7,93,Severe,Hospitalization and medication,Bronchitis
24,Male,Fever,Headache,Sore throat,81,37.4,97,Mild,Rest and fluids,Healthy
47,Male,Body ache,Cough,Headache,68,37.3,90,Severe,Hospitalization and medication,Bronchitis
53,Male,Fever,Fatigue,Runny nose,93,38.8,97,Moderate,Medication and rest,Flu
44,Male,Sore throat,Body ache,Headache,108,35.7,95,Mild,Rest and fluids,Healthy
57,Male,Sore throat,Fatigue,Shortness of breath,89,39.1,96,Mild,Rest and fluids,Healthy
57,Female,Shortness of breath,Fatigue,Body ache,98,37.0,92,Mild,Rest and fluids,Healthy
19,Male,Fatigue,Headache,Runny nose,68,38.7,99,Mild,Rest and fluids,Healthy
41,Female,Sore throat,Shortness of breath,Runny nose,114,39.9,93,Mild,Rest and fluids,Healthy
78,Male,Shortness of breath,Headache,Body ache,88,39.5,93,Mild,Rest and fluids,Healthy
55,Female,Cough,Shortness of breath,Body ache,71,35.7,98,Mild,Rest and fluids,Cold
18,Male,Fatigue,Body ache,Sore throat,112,37.5,97,Mild,Rest and fluids,Healthy
18,Male,Shortness of breath,Fatigue,Runny nose,80,37.9,92,Mild,Rest and fluids,Healthy
52,Male,Runny nose,Sore throat,Body ache,85,39.3,94,Mild,Rest and fluids,Healthy
51,Female,Fatigue,Shortness of breath,Runny nose,92,35.9,93,Mild,Rest and fluids,Healthy
57,Male,Runny nose,Body ache,Fatigue,65,35.9,92,Mild,Rest and fluids,Healthy
29,Male,Fatigue,Body ache,Cough,98,38.7,94,Severe,Hospitalization and medication,Bronchitis
64,Female,Sore throat,Fatigue,Fever,74,39.8,95,Moderate,Medication and rest,Flu
74,Male,Cough,Runny nose,Sore throat,116,39.7,95,Mild,Rest and fluids,Healthy
41,Male,Shortness of breath,Fatigue,Headache,108,37.4,92,Mild,Rest and fluids,Healthy
57,Male,Body ache,Fatigue,Runny nose,65,37.3,92,Mild,Rest and fluids,Healthy
70,Female,Fatigue,Headache,Cough,81,36.9,94,Severe,Hospitalization and medication,Bronchitis
27,Male,Fatigue,Headache,Body ache,60,35.8,91,Mild,Rest and fluids,Healthy
61,Male,Sore throat,Runny nose,Cough,85,36.8,95,Mild,Rest and fluids,Healthy
61,Female,Shortness of breath,Runny nose,Fever,78,38.0,98,Mild,Rest and fluids,Healthy
45,Female,Headache,Sore throat,Cough,109,36.3,94,Severe,Hospitalization and medication,Bronchitis
20,Female,Runny nose,Fatigue,Headache,86,39.2,90,Mild,Rest and fluids,Healthy
19,Male,Fatigue,Sore throat,Fever,106,35.9,94,Mild,Rest and fluids,Healthy
24,Male,Fatigue,Runny nose,Sore throat,102,36.0,98,Mild,Rest and fluids,Cold
51,Female,Sore throat,Fatigue,Fever,71,38.6,91,Moderate,Medication and rest,Flu
64,Male,Runny nose,Fatigue,Shortness of breath,82,35.8,98,Mild,Rest and fluids,Cold
71,Male,Fever,Sore throat,Body ache,64,39.6,92,Moderate,Medication and rest,Flu
52,Female,Shortness of breath,Runny nose,Headache,73,36.2,98,Mild,Rest and fluids,Cold
41,Male,Cough,Shortness of breath,Fever,80,36.1,90,Severe,Hospitalization and medication,Bronchitis
42,Male,Cough,Headache,Shortness of breath,103,36.4,98,Mild,Rest and fluids,Cold
49,Female,Headache,Fever,Shortness of breath,66,36.4,90,Mild,Rest and fluids,Healthy
44,Female,Runny nose,Fever,Sore throat,104,39.5,94,Severe,Hospitalization and medication,Pneumonia
64,Male,Sore throat,Shortness of breath,Fever,101,37.1,98,Mild,Rest and fluids,Healthy
52,Male,Fatigue,Runny nose,Fever,86,36.7,95,Mild,Rest and fluids,Healthy
55,Male,Shortness of breath,Cough,Sore throat,71,40.0,90,Severe,Hospitalization and medication,Bronchitis
31,Female,Body ache,Runny nose,Fever,70,37.6,94,Mild,Rest and fluids,Healthy
56,Male,Fever,Fatigue,Shortness of breath,105,35.9,96,Mild,Rest and fluids,Cold
33,Male,Shortness of breath,Cough,Sore throat,84,35.5,91,Severe,Hospitalization and medication,Bronchitis
45,Male,Body ache,Fatigue,Sore throat,80,38.5,95,Mild,Rest and fluids,Healthy
44,Male,Runny nose,Headache,Fatigue,104,36.4,98,Mild,Rest and fluids,Cold
41,Female,Fever,Shortness of breath,Runny nose,107,39.3,99,Moderate,Medication and rest,Flu
27,Male,Cough,Runny nose,Fever,73,35.8,96,Mild,Rest and fluids,Cold
73,Male,Fatigue,Cough,Body ache,83,36.6,94,Severe,Hospitalization and medication,Bronchitis
58,Female,Runny nose,Shortness of breath,Sore throat,105,38.7,95,Mild,Rest and fluids,Healthy
64,Male,Cough,Headache,Shortness of breath,119,35.7,97,Mild,Rest and fluids,Cold
66,Male,Runny nose,Sore throat,Cough,86,36.3,91,Severe,Hospitalization and medication,Bronchitis
31,Female,Headache,Body ache,Shortness of breath,85,38.2,99,Mild,Rest and fluids,Healthy
31,Male,Sore throat,Cough,Shortness of breath,61,35.7,97,Mild,Rest and fluids,Cold
45,Male,Body ache,Cough,Fever,61,39.4,99,Moderate,Medication and rest,Flu
33,Male,Body ache,Fever,Headache,94,37.4,96,Mild,Rest and fluids,Healthy
27,Male,Runny nose,Headache,Fever,105,36.4,90,Mild,Rest and fluids,Healthy
63,Male,Runny nose,Sore throat,Headache,92,35.6,95,Mild,Rest and fluids,Healthy
62,Female,Shortness of breath,Fever,Headache,108,37.4,98,Mild,Rest and fluids,Healthy
43,Female,Fever,Fatigue,Runny nose,82,38.5,95,Moderate,Medication and rest,Flu
78,Male,Fatigue,Headache,Body ache,79,39.4,91,Mild,Rest and fluids,Healthy
38,Male,Shortness of breath,Runny nose,Sore throat,79,38.1,94,Mild,Rest and fluids,Healthy
71,Male,Cough,Runny nose,Shortness of breath,102,38.9,98,Mild,Rest and fluids,Healthy
54,Female,Shortness of breath,Headache,Fever,77,38.4,95,Moderate,Medication and rest,Flu
56,Male,Cough,Shortness of breath,Body ache,104,35.8,98,Mild,Rest and fluids,Cold
23,Female,Body ache,Cough,Headache,97,38.8,94,Severe,Hospitalization and medication,Bronchitis
28,Female,Headache,Fatigue,Body ache,105,36.3,98,Mild,Rest and fluids,Cold
61,Female,Shortness of breath,Runny nose,Cough,102,37.1,92,Severe,Hospitalization and medication,Bronchitis
52,Male,Fatigue,Headache,Fever,78,37.3,97,Mild,Rest and fluids,Healthy
29,Male,Runny nose,Fatigue,Cough,73,37.4,97,Mild,Rest and fluids,Healthy
44,Female,Runny nose,Fever,Sore throat,67,37.8,95,Mild,Rest and fluids,Healthy
29,Male,Headache,Cough,Shortness of breath,87,38.9,99,Mild,Rest and fluids,Healthy
67,Female,Body ache,Headache,Shortness of breath,66,37.4,93,Mild,Rest and fluids,Healthy
72,Male,Shortness of breath,Cough,Body ache,84,36.3,99,Mild,Rest and fluids,Cold
59,Female,Headache,Fever,Body ache,106,40.0,92,Severe,Hospitalization and medication,Pneumonia
30,Male,Runny nose,Fever,Headache,61,39.9,90,Moderate,Medication and rest,Flu
54,Male,Shortness of breath,Cough,Body ache,73,37.3,99,Mild,Rest and fluids,Healthy
41,Female,Headache,Shortness of breath,Body ache,114,39.0,93,Mild,Rest and fluids,Healthy
53,Female,Shortness of breath,Body ache,Cough,92,39.5,93,Severe,Hospitalization and medication,Bronchitis
44,Female,Body ache,Fever,Cough,65,36.1,90,Severe,Hospitalization and medication,Bronchitis
40,Male,Headache,Cough,Body ache,68,39.2,95,Mild,Rest and fluids,Healthy
58,Female,Runny nose,Shortness of breath,Fatigue,83,37.9,99,Mild,Rest and fluids,Healthy
47,Male,Headache,Fever,Shortness of breath,91,36.5,98,Mild,Rest and fluids,Healthy
70,Male,Headache,Body ache,Shortness of breath,88,36.7,95,Mild,Rest and fluids,Healthy
47,Female,Cough,Fatigue,Body ache,98,38.0,92,Severe,Hospitalization and medication,Bronchitis
46,Female,Fever,Cough,Headache,66,39.8,95,Moderate,Medication and rest,Flu
31,Male,Cough,Headache,Runny nose,85,37.2,93,Severe,Hospitalization and medication,Bronchitis
68,Female,Fever,Sore throat,Shortness of breath,65,39.2,95,Moderate,Medication and rest,Flu
46,Female,Body ache,Shortness of breath,Runny nose,89,39.3,96,Mild,Rest and fluids,Healthy
48,Male,Sore throat,Cough,Headache,117,38.1,92,Severe,Hospitalization and medication,Bronchitis
71,Male,Fever,Sore throat,Runny nose,93,39.2,91,Moderate,Medication and rest,Flu
26,Female,Headache,Runny nose,Cough,105,39.1,99,Mild,Rest and fluids,Healthy
57,Female,Body ache,Shortness of breath,Runny nose,82,37.2,98,Mild,Rest and fluids,Healthy
56,Male,Sore throat,Fatigue,Fever,115,38.6,97,Moderate,Medication and rest,Flu
78,Female,Shortness of breath,Fever,Runny nose,70,35.8,91,Mild,Rest and fluids,Healthy
25,Female,Sore throat,Cough,Fever,79,39.6,96,Moderate,Medication and rest,Flu
38,Female,Headache,Fever,Cough,83,36.9,91,Severe,Hospitalization and medication,Bronchitis
79,Male,Cough,Fever,Fatigue,82,37.8,96,Mild,Rest and fluids,Healthy
23,Male,Body ache,Runny nose,Cough,63,36.5,90,Severe,Hospitalization and medication,Bronchitis
32,Female,Headache,Fever,Shortness of breath,90,37.2,94,Mild,Rest and fluids,Healthy
34,Male,Shortness of breath,Sore throat,Runny nose,74,38.3,99,Mild,Rest and fluids,Healthy
71,Male,Fatigue,Sore throat,Body ache,110,37.5,90,Mild,Rest and fluids,Healthy
64,Male,Runny nose,Headache,Sore throat,109,38.8,98,Mild,Rest and fluids,Healthy
23,Male,Runny nose,Headache,Cough,111,36.5,92,Severe,Hospitalization and medication,Bronchitis
62,Female,Cough,Runny nose,Body ache,92,38.9,92,Severe,Hospitalization and medication,Bronchitis
24,Female,Fever,Headache,Runny nose,65,38.0,93,Mild,Rest and fluids,Healthy
69,Female,Headache,Fever,Body ache,79,38.6,91,Moderate,Medication and rest,Flu
67,Male,Headache,Sore throat,Fever,102,38.4,98,Moderate,Medication and rest,Flu
45,Female,Fever,Sore throat,Body ache,89,36.8,93,Mild,Rest and fluids,Healthy
32,Male,Runny nose,Body ache,Fever,119,35.6,96,Mild,Rest and fluids,Cold
42,Female,Headache,Body ache,Cough,78,36.7,92,Severe,Hospitalization and medication,Bronchitis
68,Female,Headache,Fatigue,Runny nose,73,37.8,98,Mild,Rest and fluids,Healthy
56,Female,Shortness of breath,Cough,Fever,81,36.6,93,Severe,Hospitalization and medication,Bronchitis
53,Female,Runny nose,Shortness of breath,Headache,103,36.3,90,Mild,Rest and fluids,Healthy
48,Female,Body ache,Headache,Fever,105,37.4,91,Mild,Rest and fluids,Healthy
51,Male,Fever,Cough,Sore throat,87,38.5,90,Moderate,Medication and rest,Flu
20,Female,Fatigue,Cough,Body ache,63,38.7,93,Severe,Hospitalization and medication,Bronchitis
42,Female,Cough,Body ache,Headache,80,38.7,91,Severe,Hospitalization and medication,Bronchitis
73,Female,Shortness of breath,Cough,Fatigue,84,38.6,98,Mild,Rest and fluids,Healthy
26,Female,Shortness of breath,Sore throat,Body ache,67,39.9,90,Mild,Rest and fluids,Healthy
23,Female,Cough,Body ache,Runny nose,60,35.6,92,Severe,Hospitalization and medication,Bronchitis
32,Female,Fever,Runny nose,Shortness of breath,90,37.8,95,Mild,Rest and fluids,Healthy
62,Female,Fever,Fatigue,Headache,100,39.6,96,Moderate,Medication and rest,Flu
28,Female,Headache,Sore throat,Fatigue,116,37.5,98,Mild,Rest and fluids,Healthy
49,Female,Fatigue,Cough,Sore throat,84,37.5,92,Severe,Hospitalization and medication,Bronchitis
29,Male,Sore throat,Fatigue,Cough,94,36.5,92,Severe,Hospitalization and medication,Bronchitis
54,Female,Sore throat,Headache,Body ache,81,39.1,94,Mild,Rest and fluids,Healthy
73,Female,Cough,Fever,Body ache,119,37.1,95,Mild,Rest and fluids,Healthy
72,Female,Cough,Shortness of breath,Runny nose,87,37.1,95,Mild,Rest and fluids,Healthy
42,Male,Cough,Fatigue,Headache,110,39.6,98,Mild,Rest and fluids,Healthy
62,Female,Fatigue,Fever,Headache,73,39.1,93,Moderate,Medication and rest,Flu
44,Male,Shortness of breath,Sore throat,Body ache,75,37.4,93,Mild,Rest and fluids,Healthy
33,Female,Cough,Fatigue,Fever,93,38.0,92,Severe,Hospitalization and medication,Bronchitis
59,Female,Sore throat,Fever,Cough,71,38.4,96,Moderate,Medication and rest,Flu
20,Male,Shortness of breath,Runny nose,Sore throat,109,39.8,90,Mild,Rest and fluids,Healthy
54,Female,Fever,Sore throat,Cough,89,37.8,91,Severe,Hospitalization and medication,Bronchitis
46,Female,Runny nose,Headache,Shortness of breath,63,39.6,92,Mild,Rest and fluids,Healthy
40,Female,Cough,Shortness of breath,Runny nose,68,36.8,96,Mild,Rest and fluids,Healthy
46,Male,Fever,Fatigue,Headache,91,37.5,90,Mild,Rest and fluids,Healthy
71,Female,Runny nose,Headache,Cough,112,38.8,97,Mild,Rest and fluids,Healthy
60,Male,Sore throat,Headache,Cough,75,39.9,91,Severe,Hospitalization and medication,Bronchitis
25,Male,Cough,Sore throat,Body ache,110,39.1,93,Severe,Hospitalization and medication,Bronchitis
49,Female,Shortness of breath,Runny nose,Sore throat,90,37.1,93,Mild,Rest and fluids,Healthy
71,Male,Body ache,Fever,Shortness of breath,106,35.9,94,Mild,Rest and fluids,Healthy
61,Female,Fever,Cough,Sore throat,85,36.7,96,Mild,Rest and fluids,Healthy
23,Female,Body ache,Cough,Runny nose,113,38.8,91,Severe,Hospitalization and medication,Bronchitis
69,Female,Shortness of breath,Cough,Body ache,119,38.2,91,Severe,Hospitalization and medication,Bronchitis
31,Male,Headache,Shortness of breath,Cough,112,35.7,96,Mild,Rest and fluids,Cold
39,Male,Sore throat,Fever,Shortness of breath,104,39.1,91,Severe,Hospitalization and medication,Pneumonia
55,Male,Body ache,Fever,Shortness of breath,81,39.8,90,Moderate,Medication and rest,Flu
46,Female,Fatigue,Runny nose,Sore throat,74,37.5,99,Mild,Rest and fluids,Healthy
77,Female,Shortness of breath,Cough,Body ache,73,36.7,95,Mild,Rest and fluids,Healthy
64,Female,Runny nose,Body ache,Cough,71,37.0,98,Mild,Rest and fluids,Healthy
56,Female,Shortness of breath,Runny nose,Sore throat,101,39.8,98,Mild,Rest and fluids,Healthy
48,Female,Fever,Runny nose,Headache,95,37.3,90,Mild,Rest and fluids,Healthy
32,Female,Shortness of breath,Headache,Fever,117,35.9,91,Mild,Rest and fluids,Healthy
19,Female,Body ache,Fever,Sore throat,117,36.4,98,Mild,Rest and fluids,Cold
35,Female,Sore throat,Fever,Cough,114,36.7,98,Mild,Rest and fluids,Healthy
67,Male,Fatigue,Fever,Shortness of breath,73,36.3,98,Mild,Rest and fluids,Cold
20,Male,Fatigue,Body ache,Headache,90,38.5,94,Mild,Rest and fluids,Healthy
33,Male,Body ache,Shortness of breath,Sore throat,71,35.6,94,Mild,Rest and fluids,Healthy
41,Male,Headache,Cough,Fever,93,39.2,97,Moderate,Medication and rest,Flu
41,Female,Body ache,Runny nose,Cough,70,37.9,97,Mild,Rest and fluids,Healthy
50,Female,Fatigue,Headache,Cough,66,35.6,95,Mild,Rest and fluids,Healthy
53,Female,Fatigue,Headache,Body ache,73,39.0,99,Mild,Rest and fluids,Healthy
31,Male,Runny nose,Cough,Body ache,79,36.6,93,Severe,Hospitalization and medication,Bronchitis
19,Female,Fever,Headache,Fatigue,99,37.0,94,Mild,Rest and fluids,Healthy
76,Male,Body ache,Fever,Cough,104,39.7,91,Severe,Hospitalization and medication,Pneumonia
65,Female,Fatigue,Fever,Shortness of breath,115,37.5,96,Mild,Rest and fluids,Healthy
35,Female,Fatigue,Fever,Cough,104,39.2,97,Moderate,Medication and rest,Flu
72,Female,Sore throat,Fever,Shortness of breath,102,39.7,97,Moderate,Medication and rest,Flu
50,Female,Headache,Cough,Fatigue,94,39.3,97,Mild,Rest and fluids,Healthy
31,Female,Headache,Shortness of breath,Fatigue,115,38.7,93,Mild,Rest and fluids,Healthy
51,Male,Fatigue,Runny nose,Sore throat,115,38.0,98,Mild,Rest and fluids,Healthy
35,Male,Body ache,Sore throat,Fever,69,39.2,94,Moderate,Medication and rest,Flu
76,Male,Cough,Shortness of breath,Headache,100,37.2,94,Severe,Hospitalization and medication,Bronchitis
23,Male,Shortness of breath,Cough,Runny nose,117,36.0,95,Mild,Rest and fluids,Healthy
42,Male,Fatigue,Body ache,Sore throat,84,39.0,94,Mild,Rest and fluids,Healthy
45,Male,Shortness of breath,Body ache,Headache,69,36.4,90,Mild,Rest and fluids,Healthy
42,Male,Fatigue,Runny nose,Shortness of breath,106,38.4,97,Mild,Rest and fluids,Healthy
39,Female,Cough,Fever,Sore throat,65,36.0,94,Severe,Hospitalization and medication,Bronchitis
32,Female,Sore throat,Runny nose,Headache,100,39.9,91,Mild,Rest and fluids,Healthy
48,Male,Fatigue,Runny nose,Body ache,119,39.3,90,Mild,Rest and fluids,Healthy
61,Female,Headache,Fever,Body ache,76,39.5,91,Moderate,Medication and rest,Flu
20,Female,Shortness of breath,Fatigue,Runny nose,72,39.4,98,Mild,Rest and fluids,Healthy
72,Female,Fever,Fatigue,Shortness of breath,75,37.1,92,Mild,Rest and fluids,Healthy
78,Male,Fatigue,Headache,Fever,119,35.8,92,Mild,Rest and fluids,Healthy
19,Female,Body ache,Headache,Runny nose,70,36.8,91,Mild,Rest and fluids,Healthy
50,Female,Fever,Shortness of breath,Fatigue,64,37.7,90,Mild,Rest and fluids,Healthy
62,Male,Shortness of breath,Sore throat,Fever,77,37.8,93,Mild,Rest and fluids,Healthy
58,Male,Cough,Body ache,Runny nose,89,39.4,95,Mild,Rest and fluids,Healthy
42,Female,Shortness of breath,Fatigue,Sore throat,78,38.5,97,Mild,Rest and fluids,Healthy
68,Female,Headache,Shortness of breath,Fever,91,38.1,92,Moderate,Medication and rest,Flu
23,Male,Sore throat,Headache,Body ache,101,38.4,99,Mild,Rest and fluids,Healthy
58,Female,Runny nose,Sore throat,Fatigue,113,39.8,98,Mild,Rest and fluids,Healthy
52,Male,Cough,Shortness of breath,Fever,79,37.5,90,Severe,Hospitalization and medication,Bronchitis
23,Male,Body ache,Headache,Runny nose,66,37.4,92,Mild,Rest and fluids,Healthy
76,Female,Headache,Sore throat,Body ache,93,39.1,98,Mild,Rest and fluids,Healthy
62,Male,Cough,Fatigue,Body ache,83,39.4,92,Severe,Hospitalization and medication,Bronchitis
55,Female,Sore throat,Runny nose,Fatigue,87,38.3,96,Mild,Rest and fluids,Healthy
58,Female,Runny nose,Shortness of breath,Fatigue,106,36.9,90,Mild,Rest and fluids,Healthy
74,Female,Shortness of breath,Runny nose,Sore throat,76,36.1,93,Mild,Rest and fluids,Healthy
24,Female,Headache,Sore throat,Body ache,76,39.3,95,Mild,Rest and fluids,Healthy
33,Male,Body ache,Sore throat,Shortness of breath,102,37.6,92,Mild,Rest and fluids,Healthy
25,Male,Fatigue,Sore throat,Shortness of breath,73,37.1,96,Mild,Rest and fluids,Healthy
53,Male,Sore throat,Runny nose,Cough,110,37.5,98,Mild,Rest and fluids,Healthy
70,Female,Fatigue,Runny nose,Sore throat,117,36.2,90,Mild,Rest and fluids,Healthy
25,Male,Fatigue,Runny nose,Fever,105,39.9,95,Moderate,Medication and rest,Flu
64,Female,Cough,Runny nose,Shortness of breath,95,37.9,98,Mild,Rest and fluids,Healthy
39,Female,Sore throat,Body ache,Headache,100,38.0,98,Mild,Rest and fluids,Healthy
53,Female,Fever,Fatigue,Headache,96,37.9,94,Mild,Rest and fluids,Healthy
54,Female,Sore throat,Cough,Headache,102,37.5,93,Severe,Hospitalization and medication,Bronchitis
24,Female,Sore throat,Runny nose,Headache,106,36.8,98,Mild,Rest and fluids,Healthy
30,Male,Headache,Shortness of breath,Fatigue,75,36.2,90,Mild,Rest and fluids,Healthy
31,Male,Body ache,Fever,Runny nose,68,36.5,94,Mild,Rest and fluids,Healthy
69,Female,Cough,Fever,Fatigue,107,39.8,99,Moderate,Medication and rest,Flu
70,Female,Cough,Headache,Runny nose,76,36.6,98,Mild,Rest and fluids,Healthy
57,Male,Runny nose,Shortness of breath,Fatigue,105,39.7,94,Mild,Rest and fluids,Healthy
36,Male,Sore throat,Shortness of breath,Runny nose,97,36.8,94,Mild,Rest and fluids,Healthy
79,Male,Fatigue,Cough,Body ache,64,39.3,98,Mild,Rest and fluids,Healthy
36,Female,Headache,Runny nose,Sore throat,81,36.5,96,Mild,Rest and fluids,Healthy
67,Male,Fatigue,Fever,Cough,118,38.6,95,Moderate,Medication and rest,Flu
57,Male,Fever,Fatigue,Runny nose,84,36.9,94,Mild,Rest and fluids,Healthy
28,Female,Shortness of breath,Sore throat,Cough,109,36.7,99,Mild,Rest and fluids,Healthy
31,Female,Shortness of breath,Body ache,Sore throat,77,37.0,98,Mild,Rest and fluids,Healthy
59,Female,Runny nose,Shortness of breath,Sore throat,66,38.3,95,Mild,Rest and fluids,Healthy
45,Female,Headache,Runny nose,Body ache,117,37.6,92,Mild,Rest and fluids,Healthy
77,Male,Fatigue,Fever,Headache,117,38.4,95,Moderate,Medication and rest,Flu
78,Male,Body ache,Fever,Fatigue,88,38.0,94,Mild,Rest and fluids,Healthy
36,Female,Runny nose,Fatigue,Sore throat,114,36.8,98,Mild,Rest and fluids,Healthy
66,Female,Fatigue,Body ache,Headache,90,35.6,91,Mild,Rest and fluids,Healthy
77,Male,Fever,Runny nose,Sore throat,61,39.5,95,Moderate,Medication and rest,Flu
47,Female,Runny nose,Fatigue,Body ache,119,36.8,97,Mild,Rest and fluids,Healthy
26,Male,Sore throat,Cough,Runny nose,101,35.6,92,Severe,Hospitalization and medication,Bronchitis
75,Male,Sore throat,Fatigue,Body ache,82,36.4,95,Mild,Rest and fluids,Healthy
45,Female,Shortness of breath,Cough,Fever,72,39.5,97,Moderate,Medication and rest,Flu
52,Female,Cough,Shortness of breath,Fatigue,113,38.3,96,Mild,Rest and fluids,Healthy
33,Female,Fatigue,Body ache,Shortness of breath,112,38.5,99,Mild,Rest and fluids,Healthy
52,Male,Shortness of breath,Sore throat,Headache,98,35.6,97,Mild,Rest and fluids,Cold
60,Male,Shortness of breath,Fatigue,Fever,119,39.7,90,Severe,Hospitalization and medication,Pneumonia
49,Male,Runny nose,Fatigue,Shortness of breath,81,39.0,96,Mild,Rest and fluids,Healthy
75,Male,Shortness of breath,Fatigue,Runny nose,94,37.4,92,Mild,Rest and fluids,Healthy
66,Male,Body ache,Headache,Shortness of breath,108,39.5,91,Mild,Rest and fluids,Healthy
23,Male,Shortness of breath,Body ache,Headache,117,37.1,93,Mild,Rest and fluids,Healthy
56,Male,Headache,Fatigue,Runny nose,84,36.5,99,Mild,Rest and fluids,Healthy
30,Male,Sore throat,Cough,Body ache,65,39.7,98,Mild,Rest and fluids,Healthy
27,Female,Cough,Shortness of breath,Body ache,72,37.0,93,Severe,Hospitalization and medication,Bronchitis
59,Female,Fever,Headache,Cough,92,38.8,92,Moderate,Medication and rest,Flu
24,Female,Body ache,Cough,Runny nose,95,38.5,90,Severe,Hospitalization and medication,Bronchitis
44,Female,Body ache,Sore throat,Fatigue,95,38.9,97,Mild,Rest and fluids,Healthy
59,Female,Fever,Fatigue,Headache,76,38.6,93,Moderate,Medication and rest,Flu
60,Female,Shortness of breath,Cough,Runny nose,89,36.2,98,Mild,Rest and fluids,Cold
71,Male,Sore throat,Cough,Fever,75,36.2,97,Mild,Rest and fluids,Cold
78,Male,Fatigue,Fever,Runny nose,88,36.9,98,Mild,Rest and fluids,Healthy
46,Female,Runny nose,Headache,Sore throat,83,38.1,92,Mild,Rest and fluids,Healthy
56,Female,Sore throat,Runny nose,Shortness of breath,99,36.1,94,Mild,Rest and fluids,Healthy
25,Male,Cough,Fatigue,Fever,111,37.1,97,Mild,Rest and fluids,Healthy
39,Male,Body ache,Runny nose,Headache,97,38.8,96,Mild,Rest and fluids,Healthy
45,Female,Body ache,Sore throat,Cough,76,36.9,91,Severe,Hospitalization and medication,Bronchitis
23,Female,Runny nose,Fever,Headache,110,35.8,99,Mild,Rest and fluids,Cold
19,Female,Fever,Headache,Cough,94,39.3,99,Moderate,Medication and rest,Flu
74,Female,Shortness of breath,Sore throat,Runny nose,61,38.1,99,Mild,Rest and fluids,Healthy
76,Female,Body ache,Fatigue,Runny nose,117,38.2,94,Mild,Rest and fluids,Healthy
49,Female,Fever,Body ache,Shortness of breath,73,39.5,97,Moderate,Medication and rest,Flu
64,Female,Fatigue,Runny nose,Shortness of breath,107,39.5,98,Mild,Rest and fluids,Healthy
58,Female,Sore throat,Cough,Headache,64,36.3,90,Severe,Hospitalization and medication,Bronchitis
55,Male,Fever,Fatigue,Cough,72,38.3,91,Moderate,Medication and rest,Flu
77,Female,Shortness of breath,Fever,Headache,96,38.2,98,Moderate,Medication and rest,Flu
25,Female,Cough,Headache,Shortness of breath,93,37.5,91,Severe,Hospitalization and medication,Bronchitis
42,Female,Runny nose,Body ache,Cough,101,38.7,97,Mild,Rest and fluids,Healthy
37,Female,Shortness of breath,Runny nose,Fever,111,39.9,94,Severe,Hospitalization and medication,Pneumonia
56,Female,Cough,Body ache,Sore throat,101,36.3,97,Mild,Rest and fluids,Cold
48,Female,Sore throat,Fatigue,Headache,67,37.8,97,Mild,Rest and fluids,Healthy
47,Female,Cough,Shortness of breath,Sore throat,61,39.1,90,Severe,Hospitalization and medication,Bronchitis
51,Female,Sore throat,Fever,Shortness of breath,73,37.6,94,Mild,Rest and fluids,Healthy
33,Female,Shortness of breath,Runny nose,Cough,72,39.1,97,Mild,Rest and fluids,Healthy
60,Male,Sore throat,Cough,Headache,96,39.0,95,Mild,Rest and fluids,Healthy
41,Male,Body ache,Shortness of breath,Fatigue,112,38.5,99,Mild,Rest and fluids,Healthy
66,Male,Fever,Body ache,Sore throat,105,35.7,99,Mild,Rest and fluids,Cold
40,Male,Shortness of breath,Fatigue,Fever,76,38.6,97,Moderate,Medication and rest,Flu
26,Female,Fever,Headache,Fatigue,75,39.8,96,Moderate,Medication and rest,Flu
67,Male,Body ache,Runny nose,Fever,91,37.5,97,Mild,Rest and fluids,Healthy
22,Female,Fever,Shortness of breath,Sore throat,63,36.5,99,Mild,Rest and fluids,Healthy
43,Male,Headache,Cough,Body ache,114,39.9,96,Mild,Rest and fluids,Healthy
48,Female,Sore throat,Cough,Fever,110,37.7,94,Severe,Hospitalization and medication,Bronchitis
31,Female,Fatigue,Cough,Body ache,99,37.2,92,Severe,Hospitalization and medication,Bronchitis
66,Female,Fever,Shortness of breath,Runny nose,113,39.2,96,Moderate,Medication and rest,Flu
79,Female,Fever,Sore throat,Shortness of breath,76,39.6,97,Moderate,Medication and rest,Flu
52,Male,Headache,Cough,Shortness of breath,109,36.1,98,Mild,Rest and fluids,Cold
45,Male,Headache,Body ache,Shortness of breath,80,37.4,99,Mild,Rest and fluids,Healthy
59,Male,Headache,Shortness of breath,Cough,80,38.9,91,Severe,Hospitalization and medication,Bronchitis
20,Female,Cough,Fever,Runny nose,98,36.3,97,Mild,Rest and fluids,Cold
33,Female,Cough,Shortness of breath,Headache,83,36.4,91,Severe,Hospitalization and medication,Bronchitis
48,Female,Body ache,Fatigue,Runny nose,73,38.6,94,Mild,Rest and fluids,Healthy
73,Male,Fever,Body ache,Fatigue,92,37.1,97,Mild,Rest and fluids,Healthy
46,Female,Shortness of breath,Fatigue,Runny nose,101,39.7,97,Mild,Rest and fluids,Healthy
74,Female,Body ache,Fever,Cough,108,39.7,96,Moderate,Medication and rest,Flu
29,Male,Cough,Fever,Headache,72,37.7,92,Severe,Hospitalization and medication,Bronchitis
67,Male,Sore throat,Fatigue,Runny nose,76,39.5,96,Mild,Rest and fluids,Healthy
37,Female,Headache,Fever,Cough,65,37.5,99,Mild,Rest and fluids,Healthy
62,Male,Shortness of breath,Runny nose,Fever,71,39.1,95,Moderate,Medication and rest,Flu
50,Male,Shortness of breath,Cough,Runny nose,83,38.8,90,Severe,Hospitalization and medication,Bronchitis
46,Female,Shortness of breath,Fever,Fatigue,78,38.8,91,Moderate,Medication and rest,Flu
20,Male,Headache,Cough,Runny nose,88,37.7,90,Severe,Hospitalization and medication,Bronchitis
44,Male,Runny nose,Body ache,Sore throat,64,37.8,90,Mild,Rest and fluids,Healthy
38,Female,Shortness of breath,Runny nose,Sore throat,95,37.2,91,Mild,Rest and fluids,Healthy
69,Male,Runny nose,Shortness of breath,Fever,71,38.1,99,Moderate,Medication and rest,Flu
60,Male,Sore throat,Fatigue,Shortness of breath,82,39.3,93,Mild,Rest and fluids,Healthy
58,Male,Body ache,Sore throat,Shortness of breath,73,39.7,99,Mild,Rest and fluids,Healthy
64,Male,Headache,Cough,Fatigue,104,38.4,92,Severe,Hospitalization and medication,Bronchitis
36,Male,Sore throat,Body ache,Shortness of breath,95,39.9,98,Mild,Rest and fluids,Healthy
28,Male,Fever,Runny nose,Shortness of breath,98,35.6,94,Mild,Rest and fluids,Healthy
73,Female,Runny nose,Body ache,Headache,95,39.8,95,Mild,Rest and fluids,Healthy
30,Female,Shortness of breath,Body ache,Fatigue,60,36.9,95,Mild,Rest and fluids,Healthy
42,Male,Runny nose,Shortness of breath,Body ache,64,35.9,94,Mild,Rest and fluids,Healthy
39,Female,Headache,Sore throat,Fever,106,39.2,98,Moderate,Medication and rest,Flu
50,Female,Fatigue,Runny nose,Body ache,89,38.2,92,Mild,Rest and fluids,Healthy
34,Female,Headache,Fatigue,Runny nose,105,39.5,96,Mild,Rest and fluids,Healthy
45,Female,Fatigue,Runny nose,Headache,112,38.1,92,Mild,Rest and fluids,Healthy
38,Male,Headache,Cough,Fever,94,35.5,97,Mild,Rest and fluids,Cold
75,Male,Sore throat,Fatigue,Body ache,73,35.7,90,Mild,Rest and fluids,Healthy
40,Male,Cough,Headache,Sore throat,91,36.5,95,Mild,Rest and fluids,Healthy
73,Female,Cough,Fatigue,Shortness of breath,100,36.4,92,Severe,Hospitalization and medication,Bronchitis
46,Male,Headache,Fever,Body ache,93,39.5,96,Moderate,Medication and rest,Flu
26,Male,Runny nose,Fever,Shortness of breath,70,39.5,92,Moderate,Medication and rest,Flu
72,Male,Fever,Runny nose,Body ache,66,38.3,95,Moderate,Medication and rest,Flu
28,Male,Fever,Headache,Cough,77,37.5,94,Severe,Hospitalization and medication,Bronchitis
26,Male,Fever,Fatigue,Shortness of breath,75,38.1,92,Moderate,Medication and rest,Flu
31,Female,Body ache,Runny nose,Cough,102,39.0,91,Severe,Hospitalization and medication,Bronchitis
30,Male,Runny nose,Cough,Body ache,85,38.9,94,Severe,Hospitalization and medication,Bronchitis
60,Male,Runny nose,Sore throat,Body ache,72,36.7,92,Mild,Rest and fluids,Healthy
51,Female,Fatigue,Cough,Body ache,95,35.6,98,Mild,Rest and fluids,Cold
70,Male,Cough,Fever,Runny nose,65,36.3,91,Severe,Hospitalization and medication,Bronchitis
77,Female,Headache,Cough,Shortness of breath,71,35.7,95,Mild,Rest and fluids,Healthy
43,Male,Runny nose,Shortness of breath,Body ache,79,39.9,91,Mild,Rest and fluids,Healthy
25,Male,Cough,Fever,Body ache,90,39.2,93,Moderate,Medication and rest,Flu
76,Male,Runny nose,Fever,Cough,66,36.5,91,Severe,Hospitalization and medication,Bronchitis
61,Female,Headache,Body ache,Runny nose,90,37.1,97,Mild,Rest and fluids,Healthy
35,Female,Body ache,Runny nose,Cough,65,37.0,97,Mild,Rest and fluids,Healthy
27,Female,Cough,Body ache,Fever,102,37.8,91,Severe,Hospitalization and medication,Bronchitis
52,Male,Sore throat,Fever,Headache,101,37.7,91,Mild,Rest and fluids,Healthy
64,Male,Shortness of breath,Body ache,Headache,92,37.4,92,Mild,Rest and fluids,Healthy
18,Male,Headache,Fever,Runny nose,96,36.3,96,Mild,Rest and fluids,Cold
47,Male,Sore throat,Runny nose,Cough,63,35.6,96,Mild,Rest and fluids,Cold
26,Female,Sore throat,Headache,Fever,79,38.8,91,Moderate,Medication and rest,Flu
46,Female,Sore throat,Fatigue,Shortness of breath,105,36.3,97,Mild,Rest and fluids,Cold
33,Male,Runny nose,Fatigue,Cough,73,39.8,92,Severe,Hospitalization and medication,Bronchitis
23,Male,Shortness of breath,Cough,Runny nose,113,36.1,94,Severe,Hospitalization and medication,Bronchitis
34,Female,Body ache,Runny nose,Headache,94,35.9,96,Mild,Rest and fluids,Cold
67,Male,Cough,Body ache,Runny nose,76,39.9,97,Mild,Rest and fluids,Healthy
77,Male,Runny nose,Cough,Body ache,115,40.0,91,Severe,Hospitalization and medication,Bronchitis
34,Female,Sore throat,Body ache,Headache,110,36.6,92,Mild,Rest and fluids,Healthy
20,Female,Fever,Headache,Sore throat,96,37.3,90,Mild,Rest and fluids,Healthy
37,Female,Sore throat,Body ache,Fatigue,117,39.5,90,Mild,Rest and fluids,Healthy
29,Female,Cough,Headache,Sore throat,107,35.5,93,Severe,Hospitalization and medication,Bronchitis
70,Female,Fatigue,Body ache,Sore throat,83,37.6,92,Mild,Rest and fluids,Healthy
67,Male,Fever,Headache,Shortness of breath,76,37.5,95,Mild,Rest and fluids,Healthy
42,Male,Fatigue,Shortness of breath,Body ache,71,38.6,99,Mild,Rest and fluids,Healthy
18,Male,Runny nose,Fatigue,Shortness of breath,86,36.5,91,Mild,Rest and fluids,Healthy
67,Male,Runny nose,Fever,Headache,65,38.0,92,Mild,Rest and fluids,Healthy
70,Female,Cough,Body ache,Runny nose,88,38.7,93,Severe,Hospitalization and medication,Bronchitis
26,Female,Sore throat,Runny nose,Fatigue,107,36.5,98,Mild,Rest and fluids,Healthy
25,Male,Runny nose,Fatigue,Fever,113,36.4,96,Mild,Rest and fluids,Cold
43,Female,Runny nose,Headache,Fatigue,76,38.8,95,Mild,Rest and fluids,Healthy
54,Male,Sore throat,Shortness of breath,Headache,90,38.2,99,Mild,Rest and fluids,Healthy
67,Female,Headache,Fatigue,Runny nose,99,39.3,90,Mild,Rest and fluids,Healthy
50,Female,Runny nose,Body ache,Sore throat,98,35.9,93,Mild,Rest and fluids,Healthy
24,Female,Headache,Sore throat,Body ache,66,36.2,91,Mild,Rest and fluids,Healthy
52,Male,Shortness of breath,Fever,Runny nose,63,38.8,96,Moderate,Medication and rest,Flu
23,Female,Cough,Body ache,Shortness of breath,88,36.0,92,Severe,Hospitalization and medication,Bronchitis
64,Male,Fever,Sore throat,Shortness of breath,84,37.3,99,Mild,Rest and fluids,Healthy
55,Male,Headache,Shortness of breath,Sore throat,118,40.0,97,Mild,Rest and fluids,Healthy
31,Male,Cough,Fever,Sore throat,85,37.4,99,Mild,Rest and fluids,Healthy
71,Male,Runny nose,Cough,Fatigue,112,39.5,90,Severe,Hospitalization and medication,Bronchitis
71,Female,Fever,Shortness of breath,Cough,92,36.1,98,Mild,Rest and fluids,Cold
60,Male,Cough,Headache,Fatigue,115,37.2,99,Mild,Rest and fluids,Healthy
60,Female,Headache,Runny nose,Sore throat,110,37.9,94,Mild,Rest and fluids,Healthy
57,Female,Runny nose,Shortness of breath,Body ache,65,38.0,92,Mild,Rest and fluids,Healthy
37,Male,Runny nose,Body ache,Sore throat,79,38.0,98,Mild,Rest and fluids,Healthy
65,Female,Fever,Fatigue,Runny nose,112,36.9,97,Mild,Rest and fluids,Healthy
51,Female,Headache,Cough,Sore throat,97,36.2,95,Mild,Rest and fluids,Healthy
41,Female,Runny nose,Headache,Shortness of breath,107,37.1,90,Mild,Rest and fluids,Healthy
26,Female,Headache,Runny nose,Body ache,115,36.3,90,Mild,Rest and fluids,Healthy
19,Male,Fever,Sore throat,Cough,76,38.5,95,Moderate,Medication and rest,Flu
44,Male,Cough,Fever,Headache,84,37.3,99,Mild,Rest and fluids,Healthy
69,Female,Headache,Cough,Fever,89,39.4,99,Moderate,Medication and rest,Flu
57,Male,Shortness of breath,Headache,Runny nose,116,39.3,91,Mild,Rest and fluids,Healthy
38,Female,Runny nose,Cough,Headache,112,36.6,93,Severe,Hospitalization and medication,Bronchitis
27,Male,Body ache,Fever,Headache,95,38.9,95,Moderate,Medication and rest,Flu
32,Female,Headache,Cough,Body ache,84,37.9,90,Severe,Hospitalization and medication,Bronchitis
31,Female,Fever,Runny nose,Sore throat,78,38.2,96,Moderate,Medication and rest,Flu
55,Male,Fatigue,Cough,Body ache,107,36.1,95,Mild,Rest and fluids,Healthy
71,Female,Sore throat,Shortness of breath,Cough,119,35.5,95,Mild,Rest and fluids,Healthy
36,Female,Sore throat,Fatigue,Runny nose,79,36.5,96,Mild,Rest and fluids,Healthy
62,Male,Runny nose,Body ache,Headache,84,35.9,95,Mild,Rest and fluids,Healthy
52,Female,Body ache,Headache,Fatigue,83,38.6,96,Mild,Rest and fluids,Healthy
59,Male,Cough,Headache,Shortness of breath,90,38.6,97,Mild,Rest and fluids,Healthy
52,Male,Fatigue,Cough,Runny nose,87,39.8,92,Severe,Hospitalization and medication,Bronchitis
55,Female,Fever,Sore throat,Fatigue,89,36.5,91,Mild,Rest and fluids,Healthy
46,Male,Body ache,Headache,Fatigue,115,36.5,92,Mild,Rest and fluids,Healthy
22,Female,Fatigue,Sore throat,Headache,101,36.3,93,Mild,Rest and fluids,Healthy
42,Male,Body ache,Shortness of breath,Fatigue,114,36.5,94,Mild,Rest and fluids,Healthy
63,Male,Runny nose,Fatigue,Cough,101,37.3,97,Mild,Rest and fluids,Healthy
60,Male,Sore throat,Fever,Runny nose,71,35.7,97,Mild,Rest and fluids,Cold
74,Male,Body ache,Fatigue,Headache,102,37.3,96,Mild,Rest and fluids,Healthy
56,Female,Fever,Fatigue,Cough,104,37.6,91,Severe,Hospitalization and medication,Bronchitis
69,Male,Cough,Fever,Runny nose,64,36.5,93,Severe,Hospitalization and medication,Bronchitis
43,Male,Body ache,Fever,Sore throat,84,39.3,90,Moderate,Medication and rest,Flu
68,Female,Cough,Sore throat,Runny nose,103,35.6,94,Severe,Hospitalization and medication,Bronchitis
51,Female,Cough,Headache,Shortness of breath,97,39.8,99,Mild,Rest and fluids,Healthy
74,Female,Shortness of breath,Sore throat,Fatigue,69,38.7,91,Mild,Rest and fluids,Healthy
70,Male,Headache,Fever,Fatigue,80,36.0,99,Mild,Rest and fluids,Cold
67,Female,Headache,Fever,Sore throat,84,38.9,99,Moderate,Medication and rest,Flu
69,Female,Body ache,Cough,Sore throat,71,36.7,92,Severe,Hospitalization and medication,Bronchitis
44,Male,Runny nose,Fatigue,Headache,119,38.5,90,Mild,Rest and fluids,Healthy
32,Male,Fatigue,Fever,Sore throat,69,38.0,98,Mild,Rest and fluids,Healthy
33,Female,Shortness of breath,Fatigue,Cough,71,36.9,93,Severe,Hospitalization and medication,Bronchitis
27,Male,Runny nose,Shortness of breath,Fever,67,36.7,93,Mild,Rest and fluids,Healthy
28,Female,Fever,Fatigue,Sore throat,70,37.0,96,Mild,Rest and fluids,Healthy
63,Male,Fatigue,Cough,Shortness of breath,114,40.0,92,Severe,Hospitalization and medication,Bronchitis
62,Male,Body ache,Shortness of breath,Cough,75,39.1,95,Mild,Rest and fluids,Healthy
67,Male,Shortness of breath,Cough,Body ache,111,35.8,90,Severe,Hospitalization and medication,Bronchitis
62,Male,Body ache,Runny nose,Fever,105,36.1,90,Mild,Rest and fluids,Healthy
72,Female,Shortness of breath,Fever,Sore throat,69,35.8,96,Mild,Rest and fluids,Cold
59,Male,Headache,Cough,Shortness of breath,80,39.6,93,Severe,Hospitalization and medication,Bronchitis
26,Male,Cough,Shortness of breath,Sore throat,113,37.6,92,Severe,Hospitalization and medication,Bronchitis
66,Female,Sore throat,Fever,Body ache,105,39.2,98,Moderate,Medication and rest,Flu
51,Female,Runny nose,Headache,Body ache,85,38.8,90,Mild,Rest and fluids,Healthy
78,Female,Body ache,Sore throat,Fever,102,36.0,96,Mild,Rest and fluids,Cold
53,Female,Fever,Fatigue,Sore throat,89,37.3,90,Mild,Rest and fluids,Healthy
54,Female,Runny nose,Cough,Shortness of breath,106,37.2,98,Mild,Rest and fluids,Healthy
63,Male,Body ache,Headache,Runny nose,62,38.5,98,Mild,Rest and fluids,Healthy
26,Female,Fever,Runny nose,Sore throat,80,37.4,93,Mild,Rest and fluids,Healthy
24,Male,Body ache,Fatigue,Cough,80,39.9,95,Mild,Rest and fluids,Healthy
63,Male,Cough,Headache,Runny nose,80,38.8,93,Severe,Hospitalization and medication,Bronchitis
20,Male,Body ache,Headache,Shortness of breath,96,39.7,93,Mild,Rest and fluids,Healthy
49,Male,Body ache,Sore throat,Headache,93,36.8,92,Mild,Rest and fluids,Healthy
65,Female,Fever,Runny nose,Body ache,65,38.4,96,Moderate,Medication and rest,Flu
21,Female,Cough,Shortness of breath,Headache,89,35.8,98,Mild,Rest and fluids,Cold
34,Female,Runny nose,Body ache,Shortness of breath,114,35.6,95,Mild,Rest and fluids,Healthy
59,Female,Headache,Cough,Body ache,86,38.9,94,Severe,Hospitalization and medication,Bronchitis
33,Male,Body ache,Cough,Shortness of breath,92,37.9,97,Mild,Rest and fluids,Healthy
47,Male,Headache,Cough,Shortness of breath,61,38.5,91,Severe,Hospitalization and medication,Bronchitis
77,Male,Sore throat,Cough,Runny nose,91,36.1,91,Severe,Hospitalization and medication,Bronchitis
50,Male,Shortness of breath,Sore throat,Body ache,83,36.0,99,Mild,Rest and fluids,Cold
73,Male,Cough,Sore throat,Fever,114,38.9,99,Moderate,Medication and rest,Flu
59,Male,Runny nose,Fever,Headache,116,38.2,92,Severe,Hospitalization and medication,Pneumonia
48,Male,Headache,Runny nose,Body ache,89,39.3,91,Mild,Rest and fluids,Healthy
40,Male,Shortness of breath,Runny nose,Cough,95,39.7,95,Mild,Rest and fluids,Healthy
49,Female,Body ache,Cough,Headache,86,39.1,90,Severe,Hospitalization and medication,Bronchitis
21,Male,Cough,Body ache,Runny nose,64,37.6,93,Severe,Hospitalization and medication,Bronchitis
51,Female,Runny nose,Headache,Body ache,86,38.7,99,Mild,Rest and fluids,Healthy
42,Female,Shortness of breath,Body ache,Sore throat,105,35.6,94,Mild,Rest and fluids,Healthy
46,Female,Shortness of breath,Fatigue,Body ache,83,37.8,94,Mild,Rest and fluids,Healthy
64,Male,Sore throat,Body ache,Fever,114,36.5,91,Mild,Rest and fluids,Healthy
21,Female,Headache,Shortness of breath,Fatigue,117,38.7,96,Mild,Rest and fluids,Healthy
37,Male,Fever,Body ache,Sore throat,76,36.9,95,Mild,Rest and fluids,Healthy
44,Female,Sore throat,Shortness of breath,Fatigue,116,39.7,97,Mild,Rest and fluids,Healthy
26,Male,Cough,Headache,Sore throat,96,36.5,94,Severe,Hospitalization and medication,Bronchitis
50,Male,Fatigue,Cough,Fever,117,35.5,91,Severe,Hospitalization and medication,Bronchitis
36,Female,Cough,Body ache,Fever,84,36.4,93,Severe,Hospitalization and medication,Bronchitis
37,Female,Fatigue,Headache,Cough,71,39.8,99,Mild,Rest and fluids,Healthy
41,Female,Cough,Runny nose,Body ache,103,35.9,97,Mild,Rest and fluids,Cold
72,Female,Runny nose,Sore throat,Fever,91,39.8,91,Moderate,Medication and rest,Flu
64,Male,Sore throat,Shortness of breath,Fever,74,39.1,91,Moderate,Medication and rest,Flu
53,Female,Fever,Headache,Sore throat,89,39.1,97,Moderate,Medication and rest,Flu
43,Male,Body ache,Sore throat,Fatigue,82,35.7,92,Mild,Rest and fluids,Healthy
22,Male,Sore throat,Runny nose,Headache,109,36.6,91,Mild,Rest and fluids,Healthy
37,Female,Fever,Body ache,Runny nose,102,37.8,91,Mild,Rest and fluids,Healthy
64,Female,Cough,Body ache,Fatigue,116,39.6,97,Mild,Rest and fluids,Healthy
42,Male,Cough,Sore throat,Shortness of breath,87,38.6,99,Mild,Rest and fluids,Healthy
48,Female,Shortness of breath,Sore throat,Runny nose,85,35.5,90,Mild,Rest and fluids,Healthy
52,Male,Fever,Cough,Headache,119,37.5,93,Severe,Hospitalization and medication,Bronchitis
68,Male,Headache,Fatigue,Fever,86,38.3,97,Moderate,Medication and rest,Flu
40,Male,Cough,Fever,Runny nose,82,38.9,92,Moderate,Medication and rest,Flu
31,Female,Fever,Fatigue,Headache,92,38.8,95,Moderate,Medication and rest,Flu
38,Female,Cough,Headache,Body ache,103,39.3,97,Mild,Rest and fluids,Healthy
51,Female,Shortness of breath,Fatigue,Cough,94,39.4,92,Severe,Hospitalization and medication,Bronchitis
73,Female,Runny nose,Fever,Headache,115,38.1,97,Moderate,Medication and rest,Flu
72,Female,Sore throat,Headache,Cough,98,35.9,93,Severe,Hospitalization and medication,Bronchitis
61,Female,Headache,Fatigue,Sore throat,82,39.4,94,Mild,Rest and fluids,Healthy
25,Female,Fatigue,Fever,Shortness of breath,109,36.6,90,Mild,Rest and fluids,Healthy
58,Female,Fatigue,Cough,Sore throat,98,35.9,97,Mild,Rest and fluids,Cold
47,Male,Fatigue,Shortness of breath,Body ache,93,37.0,92,Mild,Rest and fluids,Healthy
30,Male,Fever,Cough,Headache,98,37.7,97,Mild,Rest and fluids,Healthy
19,Male,Body ache,Sore throat,Fever,81,39.7,91,Moderate,Medication and rest,Flu
60,Male,Fever,Runny nose,Sore throat,93,39.0,99,Moderate,Medication and rest,Flu
18,Male,Fever,Sore throat,Fatigue,107,38.2,90,Severe,Hospitalization and medication,Pneumonia
38,Male,Runny nose,Fever,Sore throat,65,39.2,98,Moderate,Medication and rest,Flu
38,Male,Runny nose,Cough,Fatigue,116,38.6,92,Severe,Hospitalization and medication,Bronchitis
79,Male,Body ache,Fever,Fatigue,101,38.7,95,Moderate,Medication and rest,Flu
21,Female,Sore throat,Fatigue,Fever,78,37.4,91,Mild,Rest and fluids,Healthy
53,Male,Cough,Runny nose,Sore throat,74,36.0,96,Mild,Rest and fluids,Cold
33,Female,Body ache,Runny nose,Cough,93,36.6,90,Severe,Hospitalization and medication,Bronchitis
48,Male,Fever,Cough,Fatigue,105,38.8,96,Moderate,Medication and rest,Flu
38,Female,Body ache,Fever,Fatigue,103,37.0,91,Mild,Rest and fluids,Healthy
70,Female,Sore throat,Runny nose,Fever,74,36.2,94,Mild,Rest and fluids,Healthy
38,Female,Fever,Cough,Sore throat,73,38.3,98,Moderate,Medication and rest,Flu
33,Male,Cough,Runny nose,Body ache,108,38.5,92,Severe,Hospitalization and medication,Bronchitis
66,Male,Fatigue,Runny nose,Shortness of breath,104,37.7,93,Mild,Rest and fluids,Healthy
68,Male,Fever,Runny nose,Cough,100,38.0,94,Severe,Hospitalization and medication,Bronchitis
47,Female,Fever,Cough,Headache,119,39.2,91,Severe,Hospitalization and medication,Pneumonia
76,Female,Body ache,Fatigue,Fever,99,38.3,99,Moderate,Medication and rest,Flu
56,Female,Fatigue,Shortness of breath,Fever,95,38.3,97,Moderate,Medication and rest,Flu
65,Male,Body ache,Headache,Fever,102,36.2,91,Mild,Rest and fluids,Healthy
67,Male,Fever,Body ache,Headache,77,38.9,92,Moderate,Medication and rest,Flu
30,Female,Fever,Body ache,Sore throat,118,37.9,99,Mild,Rest and fluids,Healthy
29,Female,Fever,Sore throat,Body ache,75,36.5,99,Mild,Rest and fluids,Healthy
28,Female,Cough,Body ache,Shortness of breath,71,37.3,97,Mild,Rest and fluids,Healthy
30,Male,Body ache,Cough,Runny nose,80,38.8,99,Mild,Rest and fluids,Healthy
59,Female,Body ache,Runny nose,Headache,73,37.8,95,Mild,Rest and fluids,Healthy
21,Female,Cough,Fatigue,Headache,114,36.1,90,Severe,Hospitalization and medication,Bronchitis
51,Male,Headache,Shortness of breath,Body ache,119,37.0,96,Mild,Rest and fluids,Healthy
70,Male,Fever,Fatigue,Cough,71,35.9,94,Severe,Hospitalization and medication,Bronchitis
62,Male,Body ache,Sore throat,Fever,68,36.8,99,Mild,Rest and fluids,Healthy
56,Female,Sore throat,Shortness of breath,Runny nose,91,36.4,99,Mild,Rest and fluids,Cold
37,Male,Runny nose,Cough,Sore throat,105,38.8,98,Mild,Rest and fluids,Healthy
60,Male,Shortness of breath,Sore throat,Fever,89,36.1,99,Mild,Rest and fluids,Cold
48,Male,Cough,Sore throat,Body ache,67,39.9,91,Severe,Hospitalization and medication,Bronchitis
65,Male,Fatigue,Sore throat,Body ache,86,38.7,98,Mild,Rest and fluids,Healthy
42,Female,Body ache,Runny nose,Sore throat,104,35.9,91,Mild,Rest and fluids,Healthy
42,Male,Sore throat,Shortness of breath,Runny nose,102,37.5,92,Mild,Rest and fluids,Healthy
67,Female,Fever,Runny nose,Sore throat,116,37.8,94,Mild,Rest and fluids,Healthy
22,Male,Shortness of breath,Runny nose,Sore throat,96,36.8,97,Mild,Rest and fluids,Healthy
47,Male,Runny nose,Body ache,Sore throat,93,36.0,92,Mild,Rest and fluids,Healthy
36,Female,Headache,Cough,Runny nose,101,39.6,96,Mild,Rest and fluids,Healthy
77,Male,Headache,Shortness of breath,Body ache,109,38.6,93,Mild,Rest and fluids,Healthy
38,Male,Runny nose,Body ache,Fatigue,75,37.7,94,Mild,Rest and fluids,Healthy
40,Female,Headache,Shortness of breath,Cough,112,39.6,94,Severe,Hospitalization and medication,Bronchitis
37,Male,Fatigue,Fever,Sore throat,87,35.5,95,Mild,Rest and fluids,Healthy
46,Female,Fatigue,Fever,Runny nose,92,39.3,92,Moderate,Medication and rest,Flu
50,Male,Shortness of breath,Body ache,Sore throat,79,36.8,98,Mild,Rest and fluids,Healthy
54,Female,Headache,Sore throat,Cough,79,38.6,97,Mild,Rest and fluids,Healthy
72,Male,Runny nose,Fatigue,Shortness of breath,74,36.8,99,Mild,Rest and fluids,Healthy
63,Female,Cough,Fever,Headache,105,37.1,93,Severe,Hospitalization and medication,Bronchitis
27,Male,Sore throat,Shortness of breath,Runny nose,98,36.0,96,Mild,Rest and fluids,Cold
60,Male,Fatigue,Fever,Sore throat,60,36.2,93,Mild,Rest and fluids,Healthy
70,Male,Fatigue,Shortness of breath,Cough,98,36.2,95,Mild,Rest and fluids,Healthy
59,Male,Headache,Fatigue,Shortness of breath,82,35.6,92,Mild,Rest and fluids,Healthy
62,Male,Sore throat,Fatigue,Shortness of breath,70,36.2,92,Mild,Rest and fluids,Healthy
63,Male,Cough,Fatigue,Shortness of breath,116,37.7,97,Mild,Rest and fluids,Healthy
67,Female,Cough,Shortness of breath,Runny nose,112,36.3,98,Mild,Rest and fluids,Cold
61,Male,Headache,Runny nose,Cough,101,39.7,94,Severe,Hospitalization and medication,Bronchitis
61,Male,Fatigue,Shortness of breath,Runny nose,106,37.1,96,Mild,Rest and fluids,Healthy
67,Female,Body ache,Fever,Shortness of breath,107,36.5,95,Mild,Rest and fluids,Healthy
50,Male,Sore throat,Cough,Runny nose,60,37.9,96,Mild,Rest and fluids,Healthy
35,Female,Cough,Headache,Sore throat,74,36.3,99,Mild,Rest and fluids,Cold
30,Male,Runny nose,Headache,Cough,109,37.0,92,Severe,Hospitalization and medication,Bronchitis
45,Female,Body ache,Fatigue,Fever,86,37.9,98,Mild,Rest and fluids,Healthy
60,Male,Headache,Fatigue,Body ache,91,39.0,95,Mild,Rest and fluids,Healthy
65,Male,Sore throat,Headache,Shortness of breath,85,39.3,93,Mild,Rest and fluids,Healthy
20,Female,Cough,Body ache,Sore throat,96,38.6,90,Severe,Hospitalization and medication,Bronchitis
74,Male,Runny nose,Cough,Fever,103,35.7,94,Severe,Hospitalization and medication,Bronchitis
42,Female,Runny nose,Fatigue,Headache,73,39.1,92,Mild,Rest and fluids,Healthy
30,Male,Sore throat,Headache,Runny nose,97,36.4,91,Mild,Rest and fluids,Healthy
65,Female,Cough,Body ache,Fatigue,117,38.9,98,Mild,Rest and fluids,Healthy
27,Female,Body ache,Runny nose,Fever,73,39.9,98,Moderate,Medication and rest,Flu
75,Male,Runny nose,Shortness of breath,Sore throat,116,36.6,98,Mild,Rest and fluids,Healthy
24,Female,Cough,Shortness of breath,Fever,77,36.7,90,Severe,Hospitalization and medication,Bronchitis
24,Male,Cough,Runny nose,Fever,76,35.6,98,Mild,Rest and fluids,Cold
21,Male,Shortness of breath,Headache,Sore throat,87,38.2,91,Mild,Rest and fluids,Healthy
64,Female,Headache,Runny nose,Fever,90,35.8,98,Mild,Rest and fluids,Cold
69,Female,Fever,Sore throat,Fatigue,96,37.1,90,Mild,Rest and fluids,Healthy
56,Female,Headache,Shortness of breath,Cough,69,39.8,90,Severe,Hospitalization and medication,Bronchitis
60,Male,Headache,Runny nose,Fatigue,76,37.0,98,Mild,Rest and fluids,Healthy
71,Male,Body ache,Shortness of breath,Fatigue,75,37.0,93,Mild,Rest and fluids,Healthy
41,Female,Runny nose,Fever,Shortness of breath,104,37.8,93,Mild,Rest and fluids,Healthy
26,Male,Fatigue,Body ache,Cough,85,36.7,92,Severe,Hospitalization and medication,Bronchitis
47,Female,Runny nose,Fatigue,Fever,94,36.7,93,Mild,Rest and fluids,Healthy
52,Male,Sore throat,Shortness of breath,Cough,71,37.6,96,Mild,Rest and fluids,Healthy
56,Male,Fever,Fatigue,Runny nose,90,38.3,92,Moderate,Medication and rest,Flu
75,Male,Sore throat,Fatigue,Cough,87,39.5,98,Mild,Rest and fluids,Healthy
24,Male,Runny nose,Fever,Sore throat,107,36.3,98,Mild,Rest and fluids,Cold
77,Female,Headache,Fatigue,Cough,85,35.6,97,Mild,Rest and fluids,Cold
73,Female,Body ache,Fatigue,Cough,94,39.8,97,Mild,Rest and fluids,Healthy
48,Male,Headache,Cough,Fatigue,99,35.7,94,Severe,Hospitalization and medication,Bronchitis
50,Male,Body ache,Fatigue,Shortness of breath,70,38.7,94,Mild,Rest and fluids,Healthy
48,Female,Fatigue,Headache,Runny nose,62,39.0,92,Mild,Rest and fluids,Healthy
60,Male,Fever,Shortness of breath,Runny nose,108,37.1,93,Mild,Rest and fluids,Healthy
72,Female,Runny nose,Sore throat,Fever,78,39.7,92,Moderate,Medication and rest,Flu
79,Male,Body ache,Sore throat,Shortness of breath,118,36.1,93,Mild,Rest and fluids,Healthy
51,Male,Runny nose,Sore throat,Headache,69,37.5,94,Mild,Rest and fluids,Healthy
78,Female,Cough,Fatigue,Headache,77,38.8,97,Mild,Rest and fluids,Healthy
27,Male,Fever,Shortness of breath,Sore throat,94,37.1,96,Mild,Rest and fluids,Healthy
75,Female,Fever,Runny nose,Fatigue,89,36.2,96,Mild,Rest and fluids,Cold
29,Male,Fever,Headache,Fatigue,80,38.2,98,Moderate,Medication and rest,Flu
22,Male,Runny nose,Sore throat,Body ache,79,38.3,98,Mild,Rest and fluids,Healthy
56,Female,Cough,Fatigue,Fever,107,36.5,96,Mild,Rest and fluids,Healthy
53,Male,Shortness of breath,Fatigue,Cough,91,36.9,99,Mild,Rest and fluids,Healthy
39,Male,Runny nose,Fatigue,Cough,106,36.8,93,Severe,Hospitalization and medication,Bronchitis
37,Female,Body ache,Sore throat,Shortness of breath,72,37.2,92,Mild,Rest and fluids,Healthy
36,Male,Body ache,Shortness of breath,Cough,96,36.1,92,Severe,Hospitalization and medication,Bronchitis
40,Female,Shortness of breath,Runny nose,Sore throat,63,37.6,98,Mild,Rest and fluids,Healthy
49,Female,Fever,Runny nose,Shortness of breath,97,40.0,91,Moderate,Medication and rest,Flu
40,Male,Body ache,Runny nose,Sore throat,90,38.0,97,Mild,Rest and fluids,Healthy
71,Male,Body ache,Sore throat,Shortness of breath,106,36.7,93,Mild,Rest and fluids,Healthy
19,Male,Shortness of breath,Cough,Runny nose,82,36.3,96,Mild,Rest and fluids,Cold
28,Male,Shortness of breath,Headache,Fever,72,37.0,95,Mild,Rest and fluids,Healthy
19,Female,Shortness of breath,Fever,Fatigue,93,36.6,90,Mild,Rest and fluids,Healthy
66,Female,Cough,Shortness of breath,Body ache,118,39.1,98,Mild,Rest and fluids,Healthy
59,Male,Shortness of breath,Headache,Fever,89,35.8,99,Mild,Rest and fluids,Cold
24,Female,Cough,Body ache,Fatigue,105,39.6,92,Severe,Hospitalization and medication,Bronchitis
46,Male,Headache,Shortness of breath,Body ache,66,39.8,99,Mild,Rest and fluids,Healthy
22,Female,Runny nose,Body ache,Headache,67,37.6,97,Mild,Rest and fluids,Healthy
58,Male,Fatigue,Runny nose,Shortness of breath,111,38.3,94,Mild,Rest and fluids,Healthy
23,Male,Body ache,Fever,Shortness of breath,84,37.6,93,Mild,Rest and fluids,Healthy
28,Male,Fever,Sore throat,Body ache,93,35.9,91,Mild,Rest and fluids,Healthy
76,Female,Fatigue,Sore throat,Body ache,107,36.1,99,Mild,Rest and fluids,Cold
73,Female,Fatigue,Shortness of breath,Runny nose,60,38.5,97,Mild,Rest and fluids,Healthy
70,Female,Fever,Runny nose,Shortness of breath,83,38.6,95,Moderate,Medication and rest,Flu
46,Male,Sore throat,Runny nose,Headache,92,38.7,92,Mild,Rest and fluids,Healthy
51,Male,Fever,Headache,Runny nose,101,38.5,91,Severe,Hospitalization and medication,Pneumonia
76,Female,Sore throat,Runny nose,Fatigue,66,35.8,95,Mild,Rest and fluids,Healthy
68,Female,Shortness of breath,Headache,Fatigue,95,35.9,99,Mild,Rest and fluids,Cold
25,Female,Headache,Fatigue,Shortness of breath,104,39.4,99,Mild,Rest and fluids,Healthy
20,Female,Shortness of breath,Cough,Body ache,93,36.2,91,Severe,Hospitalization and medication,Bronchitis
52,Male,Cough,Headache,Body ache,76,39.0,95,Mild,Rest and fluids,Healthy
51,Male,Runny nose,Cough,Shortness of breath,116,39.6,94,Severe,Hospitalization and medication,Bronchitis
28,Female,Fever,Shortness of breath,Cough,73,38.1,94,Moderate,Medication and rest,Flu
31,Female,Cough,Shortness of breath,Sore throat,100,37.7,93,Severe,Hospitalization and medication,Bronchitis
34,Male,Cough,Fever,Headache,102,38.2,95,Moderate,Medication and rest,Flu
71,Male,Fatigue,Sore throat,Shortness of breath,97,37.3,95,Mild,Rest and fluids,Healthy
20,Female,Body ache,Sore throat,Cough,67,39.5,93,Severe,Hospitalization and medication,Bronchitis
26,Male,Cough,Body ache,Fever,70,35.6,91,Severe,Hospitalization and medication,Bronchitis
66,Male,Headache,Fatigue,Shortness of breath,95,39.5,93,Mild,Rest and fluids,Healthy
23,Female,Fever,Body ache,Shortness of breath,73,36.1,91,Mild,Rest and fluids,Healthy
68,Male,Sore throat,Fatigue,Fever,62,39.2,98,Moderate,Medication and rest,Flu
22,Female,Shortness of breath,Fatigue,Headache,72,40.0,93,Mild,Rest and fluids,Healthy
44,Female,Runny nose,Cough,Fatigue,112,38.5,93,Severe,Hospitalization and medication,Bronchitis
70,Female,Runny nose,Fever,Fatigue,61,38.2,95,Moderate,Medication and rest,Flu
59,Male,Cough,Runny nose,Fever,73,37.5,94,Severe,Hospitalization and medication,Bronchitis
21,Male,Fatigue,Fever,Shortness of breath,70,37.5,97,Mild,Rest and fluids,Healthy
69,Male,Shortness of breath,Body ache,Cough,69,38.7,94,Severe,Hospitalization and medication,Bronchitis
25,Male,Cough,Body ache,Fatigue,64,39.0,90,Severe,Hospitalization and medication,Bronchitis
74,Female,Headache,Cough,Runny nose,89,38.5,94,Severe,Hospitalization and medication,Bronchitis
61,Male,Fever,Fatigue,Headache,77,38.0,94,Mild,Rest and fluids,Healthy
36,Female,Fatigue,Shortness of breath,Headache,111,38.7,91,Mild,Rest and fluids,Healthy
67,Male,Body ache,Runny nose,Cough,69,35.6,92,Severe,Hospitalization and medication,Bronchitis
43,Male,Fatigue,Cough,Sore throat,95,39.6,99,Mild,Rest and fluids,Healthy
58,Female,Fever,Cough,Body ache,90,36.2,92,Severe,Hospitalization and medication,Bronchitis
61,Male,Runny nose,Sore throat,Headache,109,38.6,99,Mild,Rest and fluids,Healthy
49,Female,Shortness of breath,Body ache,Headache,74,37.7,91,Mild,Rest and fluids,Healthy
41,Female,Body ache,Cough,Shortness of breath,89,38.4,99,Mild,Rest and fluids,Healthy
51,Male,Headache,Cough,Body ache,86,36.3,90,Severe,Hospitalization and medication,Bronchitis
33,Male,Fatigue,Cough,Shortness of breath,114,37.7,91,Severe,Hospitalization and medication,Bronchitis
59,Male,Sore throat,Cough,Runny nose,87,39.9,94,Severe,Hospitalization and medication,Bronchitis
45,Male,Cough,Body ache,Fatigue,86,35.9,96,Mild,Rest and fluids,Cold
20,Male,Body ache,Headache,Shortness of breath,76,38.7,93,Mild,Rest and fluids,Healthy
64,Female,Headache,Cough,Runny nose,81,40.0,95,Mild,Rest and fluids,Healthy
51,Female,Body ache,Headache,Fever,66,37.1,98,Mild,Rest and fluids,Healthy
22,Female,Body ache,Cough,Fatigue,67,35.5,92,Severe,Hospitalization and medication,Bronchitis
46,Female,Fatigue,Body ache,Fever,74,37.4,91,Mild,Rest and fluids,Healthy
28,Female,Body ache,Shortness of breath,Fever,107,36.5,91,Mild,Rest and fluids,Healthy
78,Female,Shortness of breath,Cough,Fatigue,81,38.2,98,Mild,Rest and fluids,Healthy
76,Female,Shortness of breath,Fatigue,Fever,99,36.1,96,Mild,Rest and fluids,Cold
49,Female,Fever,Headache,Sore throat,114,39.7,95,Moderate,Medication and rest,Flu
35,Female,Fever,Fatigue,Cough,97,37.8,95,Mild,Rest and fluids,Healthy
75,Female,Sore throat,Headache,Body ache,83,38.6,91,Mild,Rest and fluids,Healthy
53,Female,Fatigue,Headache,Cough,103,36.3,96,Mild,Rest and fluids,Cold
24,Female,Fever,Cough,Shortness of breath,89,37.2,91,Severe,Hospitalization and medication,Bronchitis
75,Male,Runny nose,Fatigue,Headache,60,39.2,99,Mild,Rest and fluids,Healthy
36,Female,Fatigue,Cough,Sore throat,102,35.7,99,Mild,Rest and fluids,Cold
23,Male,Cough,Shortness of breath,Body ache,62,38.5,90,Severe,Hospitalization and medication,Bronchitis
49,Female,Sore throat,Runny nose,Fever,104,40.0,90,Severe,Hospitalization and medication,Pneumonia
25,Male,Headache,Body ache,Fever,116,39.3,99,Moderate,Medication and rest,Flu
49,Female,Runny nose,Body ache,Fatigue,71,36.5,96,Mild,Rest and fluids,Healthy
47,Male,Body ache,Cough,Headache,61,39.0,91,Severe,Hospitalization and medication,Bronchitis
76,Female,Body ache,Headache,Shortness of breath,78,37.3,90,Mild,Rest and fluids,Healthy
79,Female,Runny nose,Headache,Fever,101,38.7,97,Moderate,Medication and rest,Flu
58,Male,Shortness of breath,Body ache,Cough,64,36.6,91,Severe,Hospitalization and medication,Bronchitis
50,Female,Headache,Fatigue,Fever,80,36.0,90,Mild,Rest and fluids,Healthy
43,Male,Sore throat,Shortness of breath,Body ache,119,39.8,98,Mild,Rest and fluids,Healthy
56,Female,Fever,Fatigue,Headache,91,35.5,94,Mild,Rest and fluids,Healthy
43,Female,Shortness of breath,Fatigue,Fever,111,38.4,99,Moderate,Medication and rest,Flu
21,Male,Shortness of breath,Body ache,Runny nose,62,38.2,92,Mild,Rest and fluids,Healthy
26,Female,Runny nose,Fatigue,Body ache,94,36.4,92,Mild,Rest and fluids,Healthy
32,Male,Fever,Body ache,Headache,112,36.3,90,Mild,Rest and fluids,Healthy
47,Female,Headache,Cough,Runny nose,61,35.5,99,Mild,Rest and fluids,Cold
27,Female,Shortness of breath,Fatigue,Body ache,105,37.3,98,Mild,Rest and fluids,Healthy
43,Female,Fatigue,Fever,Body ache,105,36.5,99,Mild,Rest and fluids,Healthy
53,Female,Cough,Shortness of breath,Fever,62,40.0,97,Moderate,Medication and rest,Flu
59,Female,Sore throat,Fatigue,Runny nose,75,36.7,95,Mild,Rest and fluids,Healthy
55,Female,Cough,Sore throat,Headache,65,39.9,91,Severe,Hospitalization and medication,Bronchitis
54,Male,Body ache,Sore throat,Shortness of breath,65,36.7,92,Mild,Rest and fluids,Healthy
61,Female,Cough,Shortness of breath,Runny nose,76,37.5,92,Severe,Hospitalization and medication,Bronchitis
36,Female,Shortness of breath,Cough,Sore throat,116,36.6,94,Severe,Hospitalization and medication,Bronchitis
76,Female,Cough,Runny nose,Fatigue,96,39.1,90,Severe,Hospitalization and medication,Bronchitis
76,Male,Sore throat,Cough,Fever,94,35.7,91,Severe,Hospitalization and medication,Bronchitis
24,Male,Body ache,Shortness of breath,Headache,67,39.5,91,Mild,Rest and fluids,Healthy
70,Male,Sore throat,Fatigue,Shortness of breath,62,37.4,91,Mild,Rest and fluids,Healthy
49,Male,Fatigue,Headache,Sore throat,82,37.0,92,Mild,Rest and fluids,Healthy
65,Female,Fever,Cough,Runny nose,113,38.4,91,Severe,Hospitalization and medication,Pneumonia
65,Female,Body ache,Shortness of breath,Fever,115,35.5,91,Mild,Rest and fluids,Healthy
55,Male,Cough,Shortness of breath,Runny nose,70,36.0,97,Mild,Rest and fluids,Cold
63,Female,Headache,Fever,Shortness of breath,78,39.2,94,Moderate,Medication and rest,Flu
28,Female,Runny nose,Body ache,Sore throat,60,37.6,97,Mild,Rest and fluids,Healthy
64,Female,Runny nose,Body ache,Shortness of breath,119,39.0,90,Mild,Rest and fluids,Healthy
70,Female,Fever,Body ache,Shortness of breath,94,36.1,95,Mild,Rest and fluids,Healthy
42,Female,Body ache,Fever,Cough,66,36.5,93,Severe,Hospitalization and medication,Bronchitis
29,Male,Fever,Headache,Body ache,79,38.1,98,Moderate,Medication and rest,Flu
63,Female,Runny nose,Body ache,Cough,69,35.5,95,Mild,Rest and fluids,Healthy
46,Male,Fatigue,Shortness of breath,Fever,72,35.8,92,Mild,Rest and fluids,Healthy
23,Male,Fatigue,Sore throat,Body ache,92,36.7,96,Mild,Rest and fluids,Healthy
59,Female,Fatigue,Cough,Runny nose,94,38.3,95,Mild,Rest and fluids,Healthy
50,Female,Headache,Sore throat,Body ache,98,36.8,98,Mild,Rest and fluids,Healthy
21,Female,Headache,Cough,Fever,74,37.2,92,Severe,Hospitalization and medication,Bronchitis
63,Female,Fever,Headache,Cough,90,38.2,91,Moderate,Medication and rest,Flu
19,Female,Shortness of breath,Body ache,Runny nose,117,39.6,99,Mild,Rest and fluids,Healthy
27,Male,Cough,Fatigue,Shortness of breath,94,37.1,96,Mild,Rest and fluids,Healthy
43,Female,Headache,Cough,Runny nose,71,38.2,96,Mild,Rest and fluids,Healthy
31,Male,Fever,Runny nose,Fatigue,89,37.8,91,Mild,Rest and fluids,Healthy
50,Male,Fever,Body ache,Sore throat,100,37.0,92,Mild,Rest and fluids,Healthy
29,Male,Cough,Fever,Sore throat,75,37.5,96,Mild,Rest and fluids,Healthy
73,Female,Runny nose,Shortness of breath,Sore throat,113,37.6,90,Mild,Rest and fluids,Healthy
47,Male,Cough,Fatigue,Body ache,66,39.0,93,Severe,Hospitalization and medication,Bronchitis
19,Male,Headache,Cough,Runny nose,75,35.6,94,Severe,Hospitalization and medication,Bronchitis
78,Male,Shortness of breath,Fatigue,Headache,79,38.6,96,Mild,Rest and fluids,Healthy
58,Male,Headache,Body ache,Shortness of breath,101,38.7,91,Mild,Rest and fluids,Healthy
64,Female,Cough,Headache,Runny nose,84,36.8,98,Mild,Rest and fluids,Healthy
58,Male,Cough,Shortness of breath,Runny nose,82,36.0,95,Mild,Rest and fluids,Healthy
70,Female,Runny nose,Shortness of breath,Cough,101,40.0,93,Severe,Hospitalization and medication,Bronchitis
32,Male,Fever,Body ache,Headache,97,38.9,90,Moderate,Medication and rest,Flu
70,Female,Fever,Runny nose,Fatigue,100,39.6,94,Moderate,Medication and rest,Flu
45,Male,Sore throat,Headache,Shortness of breath,112,39.0,99,Mild,Rest and fluids,Healthy
24,Female,Fever,Shortness of breath,Headache,75,37.5,92,Mild,Rest and fluids,Healthy
77,Male,Cough,Fatigue,Fever,114,38.5,97,Moderate,Medication and rest,Flu
45,Male,Runny nose,Shortness of breath,Headache,64,39.8,91,Mild,Rest and fluids,Healthy
34,Male,Cough,Fatigue,Shortness of breath,93,38.0,98,Mild,Rest and fluids,Healthy
37,Male,Body ache,Cough,Headache,87,40.0,96,Mild,Rest and fluids,Healthy
41,Male,Fever,Runny nose,Headache,61,38.9,93,Moderate,Medication and rest,Flu
65,Male,Headache,Fatigue,Sore throat,94,35.6,96,Mild,Rest and fluids,Cold
47,Female,Headache,Fever,Shortness of breath,75,35.8,97,Mild,Rest and fluids,Cold
68,Male,Cough,Body ache,Fever,93,36.2,98,Mild,Rest and fluids,Cold
25,Male,Cough,Fever,Sore throat,119,38.8,98,Moderate,Medication and rest,Flu
45,Male,Shortness of breath,Fever,Fatigue,93,36.0,97,Mild,Rest and fluids,Cold
26,Male,Fever,Shortness of breath,Sore throat,109,37.7,94,Mild,Rest and fluids,Healthy
33,Male,Cough,Headache,Shortness of breath,80,37.3,98,Mild,Rest and fluids,Healthy
59,Male,Fever,Runny nose,Shortness of breath,88,38.1,91,Moderate,Medication and rest,Flu
62,Male,Shortness of breath,Fever,Fatigue,93,37.7,97,Mild,Rest and fluids,Healthy
19,Female,Body ache,Headache,Runny nose,80,37.2,93,Mild,Rest and fluids,Healthy
47,Male,Shortness of breath,Body ache,Cough,77,36.0,93,Severe,Hospitalization and medication,Bronchitis
45,Male,Shortness of breath,Body ache,Fever,64,36.3,91,Mild,Rest and fluids,Healthy
70,Female,Headache,Runny nose,Sore throat,89,35.7,95,Mild,Rest and fluids,Healthy
58,Female,Fever,Headache,Body ache,77,37.9,98,Mild,Rest and fluids,Healthy
28,Female,Fever,Shortness of breath,Body ache,87,39.7,96,Moderate,Medication and rest,Flu
78,Male,Shortness of breath,Body ache,Fatigue,95,36.2,92,Mild,Rest and fluids,Healthy
52,Male,Runny nose,Fatigue,Shortness of breath,87,39.7,95,Mild,Rest and fluids,Healthy
22,Female,Sore throat,Body ache,Runny nose,65,35.6,97,Mild,Rest and fluids,Cold
77,Female,Headache,Runny nose,Fever,117,36.3,96,Mild,Rest and fluids,Cold
47,Male,Cough,Sore throat,Headache,90,37.8,91,Severe,Hospitalization and medication,Bronchitis
30,Female,Runny nose,Headache,Fatigue,108,38.2,90,Mild,Rest and fluids,Healthy
27,Male,Fatigue,Cough,Body ache,119,39.4,95,Mild,Rest and fluids,Healthy
33,Female,Fever,Sore throat,Headache,100,39.2,97,Moderate,Medication and rest,Flu
27,Male,Cough,Shortness of breath,Runny nose,91,38.8,95,Mild,Rest and fluids,Healthy
18,Female,Runny nose,Shortness of breath,Fever,70,39.5,90,Moderate,Medication and rest,Flu
68,Male,Fatigue,Sore throat,Cough,80,35.6,92,Severe,Hospitalization and medication,Bronchitis
52,Female,Fever,Runny nose,Fatigue,70,36.5,99,Mild,Rest and fluids,Healthy
55,Male,Sore throat,Body ache,Runny nose,118,38.2,90,Mild,Rest and fluids,Healthy
26,Male,Fever,Runny nose,Cough,89,35.6,93,Severe,Hospitalization and medication,Bronchitis
22,Female,Headache,Body ache,Sore throat,98,38.9,90,Mild,Rest and fluids,Healthy
38,Female,Sore throat,Fatigue,Cough,64,39.2,99,Mild,Rest and fluids,Healthy
50,Male,Shortness of breath,Body ache,Fever,64,35.9,99,Mild,Rest and fluids,Cold
46,Male,Fever,Body ache,Sore throat,85,37.9,94,Mild,Rest and fluids,Healthy
46,Male,Body ache,Fever,Headache,61,39.6,93,Moderate,Medication and rest,Flu
63,Male,Sore throat,Fever,Headache,114,39.3,90,Severe,Hospitalization and medication,Pneumonia
18,Female,Cough,Shortness of breath,Body ache,64,38.5,99,Mild,Rest and fluids,Healthy
50,Male,Body ache,Shortness of breath,Runny nose,90,38.0,94,Mild,Rest and fluids,Healthy
59,Female,Headache,Body ache,Fever,106,36.5,92,Mild,Rest and fluids,Healthy
41,Female,Shortness of breath,Fever,Sore throat,90,39.3,99,Moderate,Medication and rest,Flu
24,Female,Body ache,Headache,Cough,94,37.4,93,Severe,Hospitalization and medication,Bronchitis
51,Male,Headache,Fever,Sore throat,117,39.6,93,Severe,Hospitalization and medication,Pneumonia
36,Female,Shortness of breath,Cough,Fever,82,39.6,90,Moderate,Medication and rest,Flu
41,Male,Fever,Runny nose,Sore throat,82,36.5,93,Mild,Rest and fluids,Healthy
58,Male,Headache,Runny nose,Cough,113,38.4,94,Severe,Hospitalization and medication,Bronchitis
35,Female,Fatigue,Runny nose,Fever,90,35.7,91,Mild,Rest and fluids,Healthy
71,Female,Shortness of breath,Fatigue,Runny nose,101,39.2,99,Mild,Rest and fluids,Healthy
56,Female,Fatigue,Cough,Sore throat,85,39.2,95,Mild,Rest and fluids,Healthy
54,Female,Fatigue,Sore throat,Cough,66,35.8,94,Severe,Hospitalization and medication,Bronchitis
69,Male,Headache,Fatigue,Fever,89,38.5,97,Moderate,Medication and rest,Flu
23,Male,Runny nose,Shortness of breath,Fever,81,36.0,95,Mild,Rest and fluids,Healthy
31,Male,Cough,Shortness of breath,Fever,111,36.1,92,Severe,Hospitalization and medication,Bronchitis
21,Female,Fever,Runny nose,Headache,99,39.7,91,Moderate,Medication and rest,Flu
58,Female,Fever,Body ache,Headache,74,39.8,93,Moderate,Medication and rest,Flu
59,Male,Runny nose,Fever,Cough,98,38.4,91,Moderate,Medication and rest,Flu
23,Female,Fever,Headache,Runny nose,72,39.3,96,Moderate,Medication and rest,Flu
37,Female,Headache,Sore throat,Runny nose,90,38.4,95,Mild,Rest and fluids,Healthy
46,Female,Runny nose,Fever,Shortness of breath,86,38.3,97,Moderate,Medication and rest,Flu
50,Female,Sore throat,Shortness of breath,Body ache,74,36.9,99,Mild,Rest and fluids,Healthy
37,Male,Headache,Fatigue,Cough,69,38.8,93,Severe,Hospitalization and medication,Bronchitis
55,Female,Sore throat,Cough,Shortness of breath,107,39.2,90,Severe,Hospitalization and medication,Bronchitis
25,Female,Sore throat,Cough,Body ache,100,37.8,90,Severe,Hospitalization and medication,Bronchitis
64,Male,Sore throat,Body ache,Shortness of breath,60,39.8,95,Mild,Rest and fluids,Healthy
43,Female,Fever,Cough,Shortness of breath,73,39.7,97,Moderate,Medication and rest,Flu
61,Female,Body ache,Sore throat,Shortness of breath,89,36.5,99,Mild,Rest and fluids,Healthy
28,Female,Runny nose,Fever,Sore throat,104,37.9,96,Mild,Rest and fluids,Healthy
73,Female,Fatigue,Cough,Shortness of breath,119,36.2,98,Mild,Rest and fluids,Cold
18,Female,Body ache,Shortness of breath,Cough,68,36.3,99,Mild,Rest and fluids,Cold
59,Female,Fatigue,Fever,Runny nose,77,37.2,97,Mild,Rest and fluids,Healthy
21,Female,Shortness of breath,Body ache,Fever,71,39.2,98,Moderate,Medication and rest,Flu
62,Male,Body ache,Sore throat,Headache,113,37.2,98,Mild,Rest and fluids,Healthy
58,Male,Headache,Fever,Cough,74,36.6,97,Mild,Rest and fluids,Healthy
55,Male,Shortness of breath,Fatigue,Fever,74,36.8,98,Mild,Rest and fluids,Healthy
62,Male,Fatigue,Shortness of breath,Headache,90,39.4,91,Mild,Rest and fluids,Healthy
59,Male,Headache,Runny nose,Cough,79,37.7,97,Mild,Rest and fluids,Healthy
42,Female,Runny nose,Cough,Fatigue,99,37.2,95,Mild,Rest and fluids,Healthy
28,Male,Runny nose,Headache,Cough,116,39.4,93,Severe,Hospitalization and medication,Bronchitis
53,Male,Shortness of breath,Runny nose,Cough,110,39.0,93,Severe,Hospitalization and medication,Bronchitis
53,Female,Headache,Fatigue,Runny nose,91,39.2,98,Mild,Rest and fluids,Healthy
22,Female,Runny nose,Body ache,Fever,99,37.0,94,Mild,Rest and fluids,Healthy
48,Male,Shortness of breath,Sore throat,Fatigue,74,36.3,92,Mild,Rest and fluids,Healthy
52,Female,Fever,Body ache,Headache,93,39.4,93,Moderate,Medication and rest,Flu
19,Female,Headache,Cough,Shortness of breath,106,35.5,99,Mild,Rest and fluids,Cold
74,Male,Cough,Body ache,Fever,80,37.7,91,Severe,Hospitalization and medication,Bronchitis
58,Female,Fatigue,Fever,Body ache,76,36.3,91,Mild,Rest and fluids,Healthy
29,Male,Headache,Runny nose,Sore throat,111,38.6,95,Mild,Rest and fluids,Healthy
49,Female,Fever,Runny nose,Body ache,72,38.5,91,Moderate,Medication and rest,Flu
37,Male,Runny nose,Shortness of breath,Fatigue,74,37.4,90,Mild,Rest and fluids,Healthy
32,Male,Cough,Runny nose,Headache,81,37.2,95,Mild,Rest and fluids,Healthy
41,Male,Fatigue,Fever,Headache,112,39.6,92,Severe,Hospitalization and medication,Pneumonia
69,Male,Fever,Fatigue,Sore throat,103,36.1,98,Mild,Rest and fluids,Cold
67,Female,Shortness of breath,Body ache,Headache,88,39.2,95,Mild,Rest and fluids,Healthy
64,Female,Fever,Fatigue,Shortness of breath,86,37.3,94,Mild,Rest and fluids,Healthy
57,Male,Body ache,Runny nose,Headache,64,39.2,93,Mild,Rest and fluids,Healthy
36,Female,Headache,Shortness of breath,Fatigue,77,37.7,91,Mild,Rest and fluids,Healthy
74,Male,Headache,Fatigue,Shortness of breath,100,39.1,97,Mild,Rest and fluids,Healthy
40,Female,Headache,Fever,Shortness of breath,97,37.1,95,Mild,Rest and fluids,Healthy
57,Male,Headache,Shortness of breath,Body ache,88,40.0,97,Mild,Rest and fluids,Healthy
31,Female,Runny nose,Headache,Body ache,93,36.5,94,Mild,Rest and fluids,Healthy
29,Female,Headache,Fever,Fatigue,88,38.6,94,Moderate,Medication and rest,Flu
44,Male,Cough,Headache,Shortness of breath,87,36.7,94,Severe,Hospitalization and medication,Bronchitis
56,Male,Fever,Runny nose,Fatigue,111,38.5,93,Severe,Hospitalization and medication,Pneumonia
39,Male,Fatigue,Runny nose,Fever,118,36.9,98,Mild,Rest and fluids,Healthy
30,Male,Cough,Fatigue,Runny nose,101,39.8,95,Mild,Rest and fluids,Healthy
67,Male,Runny nose,Fever,Headache,61,37.4,99,Mild,Rest and fluids,Healthy
67,Male,Body ache,Fever,Shortness of breath,78,35.6,98,Mild,Rest and fluids,Cold
33,Male,Sore throat,Runny nose,Fever,86,39.3,92,Moderate,Medication and rest,Flu
76,Female,Sore throat,Cough,Shortness of breath,62,37.7,98,Mild,Rest and fluids,Healthy
32,Male,Sore throat,Runny nose,Fatigue,99,38.2,93,Mild,Rest and fluids,Healthy
50,Male,Shortness of breath,Runny nose,Fever,113,39.3,95,Moderate,Medication and rest,Flu
69,Female,Shortness of breath,Sore throat,Runny nose,61,37.4,98,Mild,Rest and fluids,Healthy
30,Male,Runny nose,Fatigue,Shortness of breath,70,35.5,95,Mild,Rest and fluids,Healthy
44,Female,Runny nose,Cough,Shortness of breath,95,39.2,94,Severe,Hospitalization and medication,Bronchitis
24,Male,Sore throat,Fatigue,Body ache,110,35.6,93,Mild,Rest and fluids,Healthy
48,Female,Cough,Fatigue,Fever,87,35.9,92,Severe,Hospitalization and medication,Bronchitis
24,Male,Shortness of breath,Runny nose,Sore throat,118,37.1,95,Mild,Rest and fluids,Healthy
34,Male,Runny nose,Fever,Headache,90,39.0,91,Moderate,Medication and rest,Flu
51,Male,Sore throat,Headache,Shortness of breath,65,35.7,94,Mild,Rest and fluids,Healthy
29,Male,Fatigue,Body ache,Runny nose,119,37.5,94,Mild,Rest and fluids,Healthy
34,Male,Sore throat,Fever,Headache,91,39.4,95,Moderate,Medication and rest,Flu
77,Male,Shortness of breath,Runny nose,Body ache,92,36.5,97,Mild,Rest and fluids,Healthy
45,Female,Cough,Fatigue,Headache,79,36.8,99,Mild,Rest and fluids,Healthy
39,Female,Headache,Body ache,Fever,104,35.5,94,Mild,Rest and fluids,Healthy
40,Female,Shortness of breath,Sore throat,Fatigue,91,39.2,94,Mild,Rest and fluids,Healthy
74,Female,Fatigue,Shortness of breath,Sore throat,99,37.3,90,Mild,Rest and fluids,Healthy
38,Female,Body ache,Runny nose,Cough,64,39.7,92,Severe,Hospitalization and medication,Bronchitis
58,Female,Sore throat,Fever,Fatigue,80,39.5,95,Moderate,Medication and rest,Flu
38,Female,Fever,Sore throat,Shortness of breath,62,37.7,99,Mild,Rest and fluids,Healthy
50,Male,Cough,Sore throat,Shortness of breath,114,36.7,91,Severe,Hospitalization and medication,Bronchitis
46,Female,Headache,Sore throat,Fever,89,36.4,92,Mild,Rest and fluids,Healthy
62,Male,Shortness of breath,Body ache,Fever,100,37.4,98,Mild,Rest and fluids,Healthy
69,Male,Fatigue,Headache,Runny nose,79,37.3,98,Mild,Rest and fluids,Healthy
67,Male,Shortness of breath,Headache,Fatigue,115,36.3,92,Mild,Rest and fluids,Healthy
56,Male,Cough,Fever,Fatigue,90,38.2,93,Moderate,Medication and rest,Flu
26,Male,Headache,Fatigue,Body ache,83,36.5,92,Mild,Rest and fluids,Healthy
60,Male,Cough,Body ache,Shortness of breath,110,36.9,90,Severe,Hospitalization and medication,Bronchitis
34,Male,Runny nose,Cough,Fever,69,38.9,98,Moderate,Medication and rest,Flu
34,Male,Headache,Fatigue,Fever,113,39.4,93,Severe,Hospitalization and medication,Pneumonia
63,Female,Cough,Body ache,Sore throat,77,37.8,95,Mild,Rest and fluids,Healthy
61,Female,Body ache,Fatigue,Headache,102,36.7,90,Mild,Rest and fluids,Healthy
38,Male,Cough,Body ache,Sore throat,93,35.9,96,Mild,Rest and fluids,Cold
28,Male,Runny nose,Shortness of breath,Cough,66,39.1,96,Mild,Rest and fluids,Healthy
24,Male,Body ache,Headache,Runny nose,102,39.7,94,Mild,Rest and fluids,Healthy
73,Male,Body ache,Headache,Fever,93,39.7,98,Moderate,Medication and rest,Flu
62,Male,Body ache,Cough,Fatigue,90,36.9,97,Mild,Rest and fluids,Healthy
35,Male,Cough,Shortness of breath,Fever,105,38.9,91,Severe,Hospitalization and medication,Pneumonia
42,Male,Body ache,Fever,Headache,80,37.9,99,Mild,Rest and fluids,Healthy
28,Male,Fever,Headache,Cough,113,36.2,98,Mild,Rest and fluids,Cold
71,Female,Fatigue,Sore throat,Cough,86,39.8,98,Mild,Rest and fluids,Healthy
65,Female,Sore throat,Cough,Body ache,81,39.3,98,Mild,Rest and fluids,Healthy
24,Female,Fever,Fatigue,Body ache,112,36.0,91,Mild,Rest and fluids,Healthy
25,Female,Shortness of breath,Body ache,Runny nose,82,36.9,99,Mild,Rest and fluids,Healthy
21,Male,Runny nose,Fever,Cough,97,38.0,92,Severe,Hospitalization and medication,Bronchitis
58,Male,Headache,Body ache,Cough,78,36.4,97,Mild,Rest and fluids,Cold
53,Female,Cough,Headache,Body ache,68,35.8,99,Mild,Rest and fluids,Cold
24,Female,Fatigue,Cough,Fever,107,39.7,99,Moderate,Medication and rest,Flu
36,Male,Headache,Shortness of breath,Fever,86,37.5,91,Mild,Rest and fluids,Healthy
40,Female,Cough,Headache,Fever,77,39.2,96,Moderate,Medication and rest,Flu
66,Female,Sore throat,Fever,Shortness of breath,100,38.6,90,Moderate,Medication and rest,Flu
33,Male,Runny nose,Sore throat,Fever,106,39.2,97,Moderate,Medication and rest,Flu
74,Male,Cough,Fever,Body ache,117,39.3,98,Moderate,Medication and rest,Flu
64,Male,Body ache,Fatigue,Runny nose,101,36.7,94,Mild,Rest and fluids,Healthy
74,Male,Body ache,Runny nose,Fatigue,89,36.6,91,Mild,Rest and fluids,Healthy
18,Male,Fever,Sore throat,Headache,101,36.4,98,Mild,Rest and fluids,Cold
60,Female,Fever,Headache,Fatigue,90,36.8,98,Mild,Rest and fluids,Healthy
62,Male,Sore throat,Headache,Cough,85,35.8,94,Severe,Hospitalization and medication,Bronchitis
74,Male,Runny nose,Body ache,Shortness of breath,87,36.1,96,Mild,Rest and fluids,Cold
50,Female,Body ache,Fever,Headache,87,38.4,91,Moderate,Medication and rest,Flu
46,Female,Fatigue,Body ache,Runny nose,62,36.8,95,Mild,Rest and fluids,Healthy
64,Female,Headache,Runny nose,Cough,94,36.8,91,Severe,Hospitalization and medication,Bronchitis
24,Female,Shortness of breath,Headache,Body ache,73,36.6,91,Mild,Rest and fluids,Healthy
25,Male,Runny nose,Fatigue,Fever,63,39.3,90,Moderate,Medication and rest,Flu
64,Female,Fatigue,Runny nose,Shortness of breath,109,39.1,99,Mild,Rest and fluids,Healthy
28,Male,Sore throat,Runny nose,Cough,119,40.0,97,Mild,Rest and fluids,Healthy
59,Male,Cough,Body ache,Headache,76,39.5,98,Mild,Rest and fluids,Healthy
41,Female,Headache,Sore throat,Fever,94,38.4,94,Moderate,Medication and rest,Flu
76,Female,Sore throat,Cough,Fever,61,39.9,95,Moderate,Medication and rest,Flu
74,Male,Body ache,Fever,Cough,115,36.4,92,Severe,Hospitalization and medication,Bronchitis
21,Male,Headache,Fever,Cough,76,36.9,95,Mild,Rest and fluids,Healthy
65,Female,Sore throat,Headache,Body ache,63,37.6,92,Mild,Rest and fluids,Healthy
67,Male,Sore throat,Fatigue,Shortness of breath,99,38.3,97,Mild,Rest and fluids,Healthy
18,Male,Fever,Body ache,Runny nose,118,39.2,99,Moderate,Medication and rest,Flu
27,Male,Shortness of breath,Body ache,Runny nose,118,37.0,95,Mild,Rest and fluids,Healthy
59,Male,Fever,Headache,Cough,83,39.1,91,Moderate,Medication and rest,Flu
31,Male,Fatigue,Sore throat,Runny nose,86,38.6,99,Mild,Rest and fluids,Healthy
62,Female,Shortness of breath,Sore throat,Runny nose,90,36.0,95,Mild,Rest and fluids,Healthy
36,Female,Sore throat,Body ache,Fatigue,79,35.6,99,Mild,Rest and fluids,Cold
62,Male,Fatigue,Cough,Body ache,117,37.8,93,Severe,Hospitalization and medication,Bronchitis
55,Male,Fatigue,Body ache,Sore throat,77,39.3,91,Mild,Rest and fluids,Healthy
73,Female,Fatigue,Cough,Body ache,98,36.3,95,Mild,Rest and fluids,Healthy
58,Female,Runny nose,Shortness of breath,Fever,104,36.4,95,Mild,Rest and fluids,Healthy
59,Male,Headache,Shortness of breath,Fever,61,39.9,95,Moderate,Medication and rest,Flu
27,Female,Shortness of breath,Cough,Body ache,71,38.4,98,Mild,Rest and fluids,Healthy
34,Male,Body ache,Fever,Runny nose,105,37.6,96,Mild,Rest and fluids,Healthy
64,Female,Fatigue,Body ache,Shortness of breath,102,36.7,94,Mild,Rest and fluids,Healthy
21,Male,Sore throat,Headache,Fever,77,39.5,94,Moderate,Medication and rest,Flu
75,Female,Cough,Fever,Runny nose,88,38.4,94,Moderate,Medication and rest,Flu
39,Male,Cough,Shortness of breath,Fever,81,37.5,94,Severe,Hospitalization and medication,Bronchitis
72,Male,Shortness of breath,Cough,Runny nose,102,36.5,90,Severe,Hospitalization and medication,Bronchitis
27,Female,Shortness of breath,Headache,Fatigue,76,36.3,93,Mild,Rest and fluids,Healthy
78,Male,Fever,Fatigue,Sore throat,66,39.7,91,Moderate,Medication and rest,Flu
64,Male,Fever,Headache,Sore throat,117,38.4,96,Moderate,Medication and rest,Flu
40,Female,Shortness of breath,Fatigue,Runny nose,60,36.5,94,Mild,Rest and fluids,Healthy
23,Male,Fever,Body ache,Shortness of breath,60,38.3,92,Moderate,Medication and rest,Flu
20,Male,Fever,Headache,Runny nose,67,36.2,91,Mild,Rest and fluids,Healthy
24,Male,Sore throat,Runny nose,Body ache,88,38.7,96,Mild,Rest and fluids,Healthy
47,Male,Headache,Cough,Body ache,105,39.1,98,Mild,Rest and fluids,Healthy
79,Female,Fever,Headache,Cough,77,39.9,94,Moderate,Medication and rest,Flu
35,Female,Body ache,Shortness of breath,Fatigue,74,38.2,99,Mild,Rest and fluids,Healthy
70,Male,Body ache,Fatigue,Sore throat,89,37.6,94,Mild,Rest and fluids,Healthy
53,Male,Fever,Fatigue,Shortness of breath,113,39.2,95,Moderate,Medication and rest,Flu
76,Female,Fever,Cough,Sore throat,64,39.3,94,Moderate,Medication and rest,Flu
20,Female,Cough,Fatigue,Fever,94,36.6,95,Mild,Rest and fluids,Healthy
22,Female,Headache,Cough,Shortness of breath,76,39.7,92,Severe,Hospitalization and medication,Bronchitis
26,Female,Runny nose,Headache,Fever,110,36.3,95,Mild,Rest and fluids,Healthy
24,Male,Cough,Runny nose,Fever,108,37.0,92,Severe,Hospitalization and medication,Bronchitis
37,Male,Cough,Headache,Sore throat,80,36.4,95,Mild,Rest and fluids,Healthy
69,Male,Runny nose,Cough,Fatigue,77,40.0,93,Severe,Hospitalization and medication,Bronchitis
48,Female,Runny nose,Cough,Body ache,70,36.8,97,Mild,Rest and fluids,Healthy
69,Male,Shortness of breath,Body ache,Headache,72,37.1,93,Mild,Rest and fluids,Healthy
51,Male,Shortness of breath,Headache,Fatigue,75,36.5,94,Mild,Rest and fluids,Healthy
60,Male,Sore throat,Fever,Body ache,116,38.4,95,Moderate,Medication and rest,Flu
18,Female,Fatigue,Shortness of breath,Fever,106,37.9,93,Mild,Rest and fluids,Healthy
34,Female,Runny nose,Cough,Shortness of breath,94,39.8,95,Mild,Rest and fluids,Healthy
51,Female,Body ache,Cough,Fever,117,36.4,91,Severe,Hospitalization and medication,Bronchitis
32,Male,Fever,Fatigue,Headache,66,36.1,98,Mild,Rest and fluids,Cold
58,Male,Body ache,Fatigue,Runny nose,102,35.9,92,Mild,Rest and fluids,Healthy
21,Female,Body ache,Fever,Shortness of breath,109,38.3,96,Moderate,Medication and rest,Flu
53,Male,Body ache,Fatigue,Sore throat,67,37.7,99,Mild,Rest and fluids,Healthy
75,Female,Headache,Fatigue,Fever,89,36.8,99,Mild,Rest and fluids,Healthy
61,Male,Fatigue,Cough,Sore throat,75,37.2,98,Mild,Rest and fluids,Healthy
51,Female,Body ache,Headache,Shortness of breath,114,38.9,93,Mild,Rest and fluids,Healthy
31,Male,Cough,Fever,Headache,117,37.0,91,Severe,Hospitalization and medication,Bronchitis
66,Male,Cough,Fatigue,Fever,79,38.3,96,Moderate,Medication and rest,Flu
25,Male,Body ache,Fatigue,Sore throat,111,39.5,92,Mild,Rest and fluids,Healthy
40,Female,Body ache,Sore throat,Headache,79,39.2,92,Mild,Rest and fluids,Healthy
42,Male,Runny nose,Cough,Sore throat,105,38.1,90,Severe,Hospitalization and medication,Bronchitis
27,Female,Runny nose,Headache,Fever,60,37.3,90,Mild,Rest and fluids,Healthy
65,Male,Fatigue,Sore throat,Fever,70,36.8,90,Mild,Rest and fluids,Healthy
31,Female,Body ache,Headache,Sore throat,108,39.4,92,Mild,Rest and fluids,Healthy
46,Female,Fever,Runny nose,Fatigue,72,36.8,91,Mild,Rest and fluids,Healthy
74,Female,Runny nose,Fatigue,Sore throat,72,35.7,96,Mild,Rest and fluids,Cold
34,Male,Body ache,Sore throat,Fever,69,38.2,95,Moderate,Medication and rest,Flu
76,Female,Sore throat,Fatigue,Headache,77,38.1,90,Mild,Rest and fluids,Healthy
50,Male,Sore throat,Fatigue,Cough,105,35.7,95,Mild,Rest and fluids,Healthy
45,Female,Sore throat,Body ache,Headache,78,38.9,90,Mild,Rest and fluids,Healthy
29,Female,Fatigue,Body ache,Runny nose,70,40.0,90,Mild,Rest and fluids,Healthy
43,Male,Sore throat,Shortness of breath,Runny nose,115,38.8,96,Mild,Rest and fluids,Healthy
26,Male,Shortness of breath,Sore throat,Fatigue,103,39.2,98,Mild,Rest and fluids,Healthy
70,Female,Cough,Fatigue,Sore throat,62,35.6,96,Mild,Rest and fluids,Cold
19,Male,Cough,Shortness of breath,Runny nose,75,39.5,91,Severe,Hospitalization and medication,Bronchitis
79,Male,Shortness of breath,Sore throat,Cough,108,39.4,99,Mild,Rest and fluids,Healthy
58,Female,Runny nose,Fever,Sore throat,114,39.4,94,Severe,Hospitalization and medication,Pneumonia
48,Male,Fatigue,Sore throat,Runny nose,114,36.6,91,Mild,Rest and fluids,Healthy
25,Female,Shortness of breath,Fever,Fatigue,60,38.2,92,Moderate,Medication and rest,Flu
79,Female,Body ache,Cough,Shortness of breath,96,35.8,93,Severe,Hospitalization and medication,Bronchitis
63,Male,Sore throat,Fatigue,Body ache,115,40.0,98,Mild,Rest and fluids,Healthy
35,Male,Cough,Body ache,Runny nose,90,36.4,98,Mild,Rest and fluids,Cold
36,Male,Fatigue,Cough,Runny nose,69,37.4,96,Mild,Rest and fluids,Healthy
43,Male,Cough,Fever,Body ache,61,36.4,91,Severe,Hospitalization and medication,Bronchitis
72,Female,Runny nose,Fatigue,Sore throat,80,37.8,98,Mild,Rest and fluids,Healthy
46,Female,Fever,Sore throat,Shortness of breath,96,39.3,97,Moderate,Medication and rest,Flu
71,Male,Headache,Fatigue,Fever,93,39.3,93,Moderate,Medication and rest,Flu
21,Male,Sore throat,Shortness of breath,Fatigue,86,37.0,97,Mild,Rest and fluids,Healthy
20,Male,Shortness of breath,Fever,Body ache,85,36.1,97,Mild,Rest and fluids,Cold
69,Male,Shortness of breath,Headache,Body ache,90,38.6,95,Mild,Rest and fluids,Healthy
40,Male,Sore throat,Fatigue,Fever,119,38.7,99,Moderate,Medication and rest,Flu
65,Female,Shortness of breath,Fever,Cough,103,38.4,97,Moderate,Medication and rest,Flu
41,Female,Sore throat,Cough,Body ache,115,39.3,96,Mild,Rest and fluids,Healthy
46,Male,Sore throat,Body ache,Shortness of breath,103,36.1,94,Mild,Rest and fluids,Healthy
52,Female,Fever,Runny nose,Fatigue,114,35.7,94,Mild,Rest and fluids,Healthy
37,Female,Sore throat,Body ache,Fever,100,38.5,92,Moderate,Medication and rest,Flu
66,Female,Cough,Fatigue,Headache,91,37.5,92,Severe,Hospitalization and medication,Bronchitis
50,Male,Runny nose,Body ache,Shortness of breath,84,36.6,97,Mild,Rest and fluids,Healthy
45,Female,Runny nose,Body ache,Fever,72,38.4,98,Moderate,Medication and rest,Flu
63,Female,Sore throat,Fever,Runny nose,100,36.3,94,Mild,Rest and fluids,Healthy
45,Female,Runny nose,Headache,Fever,96,39.8,99,Moderate,Medication and rest,Flu
28,Male,Headache,Fever,Cough,65,36.9,93,Severe,Hospitalization and medication,Bronchitis
49,Female,Fever,Runny nose,Sore throat,87,39.9,99,Moderate,Medication and rest,Flu
42,Male,Shortness of breath,Sore throat,Fever,62,35.7,96,Mild,Rest and fluids,Cold
47,Male,Runny nose,Fatigue,Body ache,89,37.4,91,Mild,Rest and fluids,Healthy
42,Male,Sore throat,Cough,Runny nose,117,37.4,90,Severe,Hospitalization and medication,Bronchitis
41,Male,Cough,Body ache,Fever,107,36.3,95,Mild,Rest and fluids,Healthy
18,Female,Runny nose,Sore throat,Body ache,113,35.7,94,Mild,Rest and fluids,Healthy
32,Female,Shortness of breath,Sore throat,Headache,116,37.1,94,Mild,Rest and fluids,Healthy
73,Female,Runny nose,Cough,Fatigue,111,38.5,96,Mild,Rest and fluids,Healthy
71,Female,Cough,Runny nose,Sore throat,113,37.5,90,Severe,Hospitalization and medication,Bronchitis
72,Female,Fatigue,Cough,Fever,69,37.3,90,Severe,Hospitalization and medication,Bronchitis
27,Male,Body ache,Fever,Cough,60,39.7,92,Moderate,Medication and rest,Flu
76,Male,Body ache,Headache,Fever,109,37.0,91,Mild,Rest and fluids,Healthy
26,Female,Runny nose,Fever,Fatigue,101,37.8,94,Mild,Rest and fluids,Healthy
46,Male,Headache,Body ache,Cough,93,37.5,96,Mild,Rest and fluids,Healthy
55,Female,Shortness of breath,Sore throat,Runny nose,113,38.7,96,Mild,Rest and fluids,Healthy
41,Female,Shortness of breath,Fatigue,Sore throat,78,38.1,92,Mild,Rest and fluids,Healthy
61,Male,Fever,Cough,Shortness of breath,78,39.3,92,Moderate,Medication and rest,Flu
62,Female,Runny nose,Cough,Shortness of breath,82,38.5,98,Mild,Rest and fluids,Healthy
45,Male,Fatigue,Runny nose,Sore throat,82,39.7,96,Mild,Rest and fluids,Healthy
58,Female,Headache,Sore throat,Fatigue,98,39.5,92,Mild,Rest and fluids,Healthy
27,Male,Sore throat,Shortness of breath,Runny nose,71,38.7,94,Mild,Rest and fluids,Healthy
23,Female,Fatigue,Shortness of breath,Fever,114,36.7,91,Mild,Rest and fluids,Healthy
38,Female,Sore throat,Fatigue,Body ache,94,36.9,95,Mild,Rest and fluids,Healthy
78,Female,Fatigue,Shortness of breath,Cough,81,39.7,97,Mild,Rest and fluids,Healthy
25,Female,Fatigue,Body ache,Headache,79,35.6,98,Mild,Rest and fluids,Cold
44,Male,Cough,Headache,Sore throat,71,36.7,92,Severe,Hospitalization and medication,Bronchitis
66,Female,Sore throat,Fever,Body ache,103,36.5,98,Mild,Rest and fluids,Healthy
50,Female,Runny nose,Headache,Fever,79,36.6,97,Mild,Rest and fluids,Healthy
42,Male,Cough,Shortness of breath,Headache,61,36.3,98,Mild,Rest and fluids,Cold
27,Male,Shortness of breath,Sore throat,Fever,71,38.2,96,Moderate,Medication and rest,Flu
74,Female,Headache,Fever,Cough,106,39.5,91,Severe,Hospitalization and medication,Pneumonia
26,Female,Fatigue,Cough,Runny nose,83,39.2,91,Severe,Hospitalization and medication,Bronchitis
18,Male,Shortness of breath,Fatigue,Runny nose,85,39.9,98,Mild,Rest and fluids,Healthy
44,Male,Body ache,Cough,Sore throat,80,38.0,92,Severe,Hospitalization and medication,Bronchitis
62,Male,Fever,Shortness of breath,Cough,114,36.5,93,Severe,Hospitalization and medication,Bronchitis
46,Male,Cough,Fever,Headache,116,37.0,93,Severe,Hospitalization and medication,Bronchitis
75,Female,Cough,Runny nose,Fever,76,37.0,94,Severe,Hospitalization and medication,Bronchitis
70,Female,Headache,Cough,Shortness of breath,103,37.6,98,Mild,Rest and fluids,Healthy
22,Male,Body ache,Shortness of breath,Sore throat,116,37.0,94,Mild,Rest and fluids,Healthy
34,Female,Shortness of breath,Fever,Runny nose,89,37.7,95,Mild,Rest and fluids,Healthy
39,Male,Body ache,Runny nose,Fatigue,106,37.9,92,Mild,Rest and fluids,Healthy
49,Female,Headache,Runny nose,Fatigue,64,39.0,94,Mild,Rest and fluids,Healthy
62,Female,Runny nose,Sore throat,Fever,69,39.9,96,Moderate,Medication and rest,Flu
50,Female,Cough,Fever,Sore throat,81,38.5,91,Moderate,Medication and rest,Flu
53,Male,Headache,Body ache,Sore throat,70,37.0,92,Mild,Rest and fluids,Healthy
40,Female,Body ache,Sore throat,Fatigue,96,39.3,99,Mild,Rest and fluids,Healthy
63,Female,Cough,Shortness of breath,Runny nose,78,35.7,90,Severe,Hospitalization and medication,Bronchitis
35,Male,Runny nose,Fatigue,Headache,89,35.8,91,Mild,Rest and fluids,Healthy
40,Male,Sore throat,Headache,Cough,89,37.1,98,Mild,Rest and fluids,Healthy
26,Female,Body ache,Runny nose,Cough,65,40.0,95,Mild,Rest and fluids,Healthy
24,Male,Shortness of breath,Sore throat,Headache,62,36.0,97,Mild,Rest and fluids,Cold
30,Female,Body ache,Sore throat,Headache,68,35.9,94,Mild,Rest and fluids,Healthy
30,Male,Runny nose,Cough,Sore throat,74,39.6,93,Severe,Hospitalization and medication,Bronchitis
31,Male,Cough,Fever,Runny nose,66,38.7,95,Moderate,Medication and rest,Flu
48,Male,Shortness of breath,Fever,Cough,72,36.0,94,Severe,Hospitalization and medication,Bronchitis
50,Female,Cough,Shortness of breath,Fatigue,102,35.7,95,Mild,Rest and fluids,Healthy
75,Female,Runny nose,Fever,Sore throat,77,39.9,91,Moderate,Medication and rest,Flu
29,Female,Sore throat,Headache,Fever,70,35.9,92,Mild,Rest and fluids,Healthy
40,Male,Sore throat,Headache,Cough,105,35.6,99,Mild,Rest and fluids,Cold
23,Female,Body ache,Fever,Cough,69,36.3,97,Mild,Rest and fluids,Cold
71,Male,Headache,Fever,Cough,60,37.9,90,Severe,Hospitalization and medication,Bronchitis
24,Male,Fever,Headache,Runny nose,80,38.5,99,Moderate,Medication and rest,Flu
55,Female,Cough,Sore throat,Headache,98,38.1,95,Mild,Rest and fluids,Healthy
55,Female,Headache,Shortness of breath,Body ache,105,36.9,92,Mild,Rest and fluids,Healthy
21,Female,Runny nose,Headache,Sore throat,108,37.5,99,Mild,Rest and fluids,Healthy
43,Female,Sore throat,Body ache,Runny nose,98,37.2,93,Mild,Rest and fluids,Healthy
28,Male,Headache,Body ache,Runny nose,89,36.0,99,Mild,Rest and fluids,Cold
74,Female,Cough,Body ache,Shortness of breath,103,37.5,99,Mild,Rest and fluids,Healthy
23,Female,Runny nose,Fever,Shortness of breath,73,38.2,90,Moderate,Medication and rest,Flu
53,Female,Shortness of breath,Body ache,Sore throat,94,36.6,92,Mild,Rest and fluids,Healthy
41,Female,Sore throat,Cough,Body ache,109,35.7,96,Mild,Rest and fluids,Cold
19,Male,Body ache,Headache,Sore throat,101,36.7,95,Mild,Rest and fluids,Healthy
39,Male,Body ache,Runny nose,Fever,64,37.6,92,Mild,Rest and fluids,Healthy
27,Female,Fatigue,Fever,Headache,84,37.1,95,Mild,Rest and fluids,Healthy
43,Female,Sore throat,Headache,Fatigue,106,39.9,98,Mild,Rest and fluids,Healthy
61,Female,Sore throat,Body ache,Headache,67,39.5,99,Mild,Rest and fluids,Healthy
49,Male,Fatigue,Shortness of breath,Sore throat,65,39.7,94,Mild,Rest and fluids,Healthy
73,Male,Body ache,Fatigue,Cough,114,36.7,99,Mild,Rest and fluids,Healthy
40,Male,Fever,Cough,Body ache,118,39.3,91,Severe,Hospitalization and medication,Pneumonia
64,Male,Shortness of breath,Fever,Cough,80,36.0,99,Mild,Rest and fluids,Cold
18,Female,Runny nose,Cough,Shortness of breath,83,36.9,95,Mild,Rest and fluids,Healthy
19,Female,Body ache,Sore throat,Fatigue,76,38.4,94,Mild,Rest and fluids,Healthy
46,Female,Shortness of breath,Cough,Runny nose,71,36.6,98,Mild,Rest and fluids,Healthy
71,Male,Fatigue,Fever,Sore throat,105,39.7,98,Moderate,Medication and rest,Flu
19,Male,Body ache,Shortness of breath,Runny nose,73,37.6,99,Mild,Rest and fluids,Healthy
38,Male,Shortness of breath,Headache,Fatigue,60,39.6,93,Mild,Rest and fluids,Healthy
46,Male,Fever,Runny nose,Fatigue,80,39.5,92,Moderate,Medication and rest,Flu
21,Female,Fever,Headache,Shortness of breath,116,39.6,93,Severe,Hospitalization and medication,Pneumonia
66,Male,Runny nose,Shortness of breath,Fever,70,36.5,95,Mild,Rest and fluids,Healthy
23,Male,Body ache,Headache,Shortness of breath,99,35.5,92,Mild,Rest and fluids,Healthy
71,Female,Sore throat,Fever,Headache,81,37.3,96,Mild,Rest and fluids,Healthy
71,Male,Runny nose,Headache,Sore throat,116,38.9,99,Mild,Rest and fluids,Healthy
47,Female,Fever,Body ache,Cough,78,39.4,96,Moderate,Medication and rest,Flu
50,Female,Body ache,Sore throat,Fatigue,115,38.9,93,Mild,Rest and fluids,Healthy
41,Male,Cough,Shortness of breath,Sore throat,74,38.0,92,Severe,Hospitalization and medication,Bronchitis
28,Male,Body ache,Fatigue,Sore throat,74,37.2,93,Mild,Rest and fluids,Healthy
60,Male,Fever,Sore throat,Shortness of breath,64,37.6,91,Mild,Rest and fluids,Healthy
67,Female,Shortness of breath,Fever,Headache,110,37.1,94,Mild,Rest and fluids,Healthy
28,Female,Shortness of breath,Cough,Sore throat,111,36.5,90,Severe,Hospitalization and medication,Bronchitis
55,Female,Runny nose,Body ache,Fatigue,115,38.6,93,Mild,Rest and fluids,Healthy
60,Female,Headache,Runny nose,Fever,84,38.2,97,Moderate,Medication and rest,Flu
30,Male,Fatigue,Fever,Shortness of breath,67,37.7,97,Mild,Rest and fluids,Healthy
35,Male,Fever,Cough,Shortness of breath,99,37.2,97,Mild,Rest and fluids,Healthy
53,Male,Fever,Runny nose,Sore throat,64,35.7,98,Mild,Rest and fluids,Cold
34,Male,Headache,Sore throat,Fatigue,104,36.5,95,Mild,Rest and fluids,Healthy
72,Female,Fever,Runny nose,Shortness of breath,65,36.9,96,Mild,Rest and fluids,Healthy
78,Female,Shortness of breath,Fatigue,Fever,85,38.3,97,Moderate,Medication and rest,Flu
64,Female,Headache,Body ache,Fatigue,76,39.0,95,Mild,Rest and fluids,Healthy
58,Male,Fatigue,Sore throat,Shortness of breath,89,39.0,94,Mild,Rest and fluids,Healthy
28,Male,Fever,Sore throat,Cough,69,39.2,92,Moderate,Medication and rest,Flu
44,Female,Fatigue,Sore throat,Fever,108,38.1,99,Moderate,Medication and rest,Flu
52,Male,Sore throat,Headache,Shortness of breath,110,38.1,97,Mild,Rest and fluids,Healthy
74,Male,Cough,Sore throat,Fever,113,38.4,94,Severe,Hospitalization and medication,Pneumonia
40,Female,Cough,Fever,Sore throat,114,37.6,95,Mild,Rest and fluids,Healthy
30,Female,Sore throat,Shortness of breath,Fatigue,64,39.8,91,Mild,Rest and fluids,Healthy
26,Male,Cough,Shortness of breath,Fever,61,39.4,99,Moderate,Medication and rest,Flu
66,Female,Runny nose,Body ache,Shortness of breath,74,40.0,92,Mild,Rest and fluids,Healthy
52,Female,Fatigue,Runny nose,Headache,90,37.6,95,Mild,Rest and fluids,Healthy
53,Female,Fatigue,Headache,Fever,84,38.4,94,Moderate,Medication and rest,Flu
57,Male,Shortness of breath,Runny nose,Cough,111,37.8,95,Mild,Rest and fluids,Healthy
39,Male,Runny nose,Fatigue,Fever,91,39.4,93,Moderate,Medication and rest,Flu
73,Male,Runny nose,Fever,Fatigue,99,36.7,91,Mild,Rest and fluids,Healthy
43,Male,Shortness of breath,Body ache,Fever,107,38.1,97,Moderate,Medication and rest,Flu
44,Female,Fever,Body ache,Fatigue,97,39.5,97,Moderate,Medication and rest,Flu
51,Female,Headache,Sore throat,Fever,85,39.2,95,Moderate,Medication and rest,Flu
78,Male,Fatigue,Shortness of breath,Body ache,101,36.0,96,Mild,Rest and fluids,Cold
79,Male,Headache,Body ache,Runny nose,64,38.7,99,Mild,Rest and fluids,Healthy
38,Female,Shortness of breath,Fatigue,Runny nose,119,37.5,91,Mild,Rest and fluids,Healthy
34,Male,Runny nose,Fatigue,Shortness of breath,114,36.9,92,Mild,Rest and fluids,Healthy
52,Male,Body ache,Cough,Fever,117,36.2,94,Severe,Hospitalization and medication,Bronchitis
47,Male,Fatigue,Cough,Fever,80,37.4,98,Mild,Rest and fluids,Healthy
43,Female,Headache,Cough,Fever,108,37.8,97,Mild,Rest and fluids,Healthy
49,Male,Sore throat,Shortness of breath,Fever,103,39.9,94,Severe,Hospitalization and medication,Pneumonia
64,Female,Fatigue,Body ache,Sore throat,118,39.0,94,Mild,Rest and fluids,Healthy
63,Female,Cough,Shortness of breath,Fever,118,39.7,99,Moderate,Medication and rest,Flu
25,Female,Headache,Shortness of breath,Runny nose,68,36.9,97,Mild,Rest and fluids,Healthy
57,Female,Shortness of breath,Headache,Body ache,68,38.9,94,Mild,Rest and fluids,Healthy
19,Male,Shortness of breath,Body ache,Fever,103,39.7,93,Severe,Hospitalization and medication,Pneumonia
53,Male,Body ache,Fatigue,Sore throat,119,36.4,94,Mild,Rest and fluids,Healthy
74,Female,Runny nose,Cough,Sore throat,69,39.7,92,Severe,Hospitalization and medication,Bronchitis
37,Male,Fever,Fatigue,Shortness of breath,118,38.1,93,Severe,Hospitalization and medication,Pneumonia
45,Male,Sore throat,Body ache,Runny nose,76,38.1,97,Mild,Rest and fluids,Healthy
70,Female,Shortness of breath,Sore throat,Body ache,78,37.1,90,Mild,Rest and fluids,Healthy
58,Female,Body ache,Fatigue,Shortness of breath,95,40.0,99,Mild,Rest and fluids,Healthy
41,Male,Runny nose,Fatigue,Headache,89,35.9,90,Mild,Rest and fluids,Healthy
42,Male,Body ache,Runny nose,Headache,105,38.2,90,Mild,Rest and fluids,Healthy
42,Male,Shortness of breath,Fatigue,Fever,111,38.6,96,Moderate,Medication and rest,Flu
73,Male,Fatigue,Headache,Sore throat,70,37.1,92,Mild,Rest and fluids,Healthy
70,Female,Body ache,Fatigue,Shortness of breath,94,37.7,95,Mild,Rest and fluids,Healthy
51,Female,Body ache,Cough,Runny nose,102,36.8,92,Severe,Hospitalization and medication,Bronchitis
45,Female,Runny nose,Fatigue,Headache,84,36.3,91,Mild,Rest and fluids,Healthy
73,Male,Shortness of breath,Headache,Sore throat,108,35.7,91,Mild,Rest and fluids,Healthy
52,Female,Fever,Body ache,Fatigue,75,39.0,90,Moderate,Medication and rest,Flu
42,Male,Runny nose,Fever,Shortness of breath,99,39.1,90,Moderate,Medication and rest,Flu
22,Female,Fever,Body ache,Headache,108,36.9,93,Mild,Rest and fluids,Healthy
54,Female,Cough,Fever,Shortness of breath,81,39.5,97,Moderate,Medication and rest,Flu
75,Female,Shortness of breath,Headache,Fatigue,95,36.4,94,Mild,Rest and fluids,Healthy
57,Male,Fatigue,Headache,Sore throat,62,35.9,91,Mild,Rest and fluids,Healthy
18,Female,Headache,Shortness of breath,Sore throat,95,35.9,92,Mild,Rest and fluids,Healthy
64,Female,Shortness of breath,Cough,Body ache,62,36.5,93,Severe,Hospitalization and medication,Bronchitis
49,Male,Runny nose,Body ache,Shortness of breath,77,39.1,95,Mild,Rest and fluids,Healthy
48,Male,Sore throat,Runny nose,Headache,98,39.5,95,Mild,Rest and fluids,Healthy
76,Male,Sore throat,Body ache,Cough,67,37.0,98,Mild,Rest and fluids,Healthy
44,Female,Body ache,Shortness of breath,Sore throat,67,37.9,97,Mild,Rest and fluids,Healthy
42,Male,Body ache,Fatigue,Sore throat,105,36.9,98,Mild,Rest and fluids,Healthy
70,Male,Cough,Shortness of breath,Runny nose,116,39.0,97,Mild,Rest and fluids,Healthy
71,Female,Headache,Shortness of breath,Body ache,87,38.7,96,Mild,Rest and fluids,Healthy
46,Female,Body ache,Headache,Runny nose,72,36.2,93,Mild,Rest and fluids,Healthy
75,Male,Body ache,Sore throat,Cough,68,36.9,91,Severe,Hospitalization and medication,Bronchitis
75,Female,Body ache,Cough,Fatigue,77,39.3,90,Severe,Hospitalization and medication,Bronchitis
63,Male,Runny nose,Fatigue,Sore throat,64,39.7,99,Mild,Rest and fluids,Healthy
57,Male,Runny nose,Sore throat,Fatigue,74,36.7,91,Mild,Rest and fluids,Healthy
36,Female,Fatigue,Headache,Runny nose,60,37.9,90,Mild,Rest and fluids,Healthy
25,Male,Cough,Runny nose,Shortness of breath,60,36.6,92,Severe,Hospitalization and medication,Bronchitis
52,Male,Shortness of breath,Fever,Cough,61,35.9,96,Mild,Rest and fluids,Cold
78,Female,Body ache,Sore throat,Fatigue,104,36.5,95,Mild,Rest and fluids,Healthy
62,Male,Runny nose,Body ache,Headache,97,39.4,92,Mild,Rest and fluids,Healthy
57,Male,Runny nose,Shortness of breath,Sore throat,78,36.0,95,Mild,Rest and fluids,Healthy
28,Female,Sore throat,Body ache,Fatigue,98,39.2,93,Mild,Rest and fluids,Healthy
61,Female,Shortness of breath,Cough,Runny nose,99,39.0,97,Mild,Rest and fluids,Healthy
25,Female,Headache,Sore throat,Body ache,62,39.8,98,Mild,Rest and fluids,Healthy
29,Female,Runny nose,Shortness of breath,Headache,100,36.2,97,Mild,Rest and fluids,Cold
60,Male,Headache,Body ache,Shortness of breath,83,38.2,96,Mild,Rest and fluids,Healthy
74,Male,Fatigue,Cough,Fever,102,37.8,93,Severe,Hospitalization and medication,Bronchitis
77,Female,Fatigue,Fever,Body ache,112,39.0,98,Moderate,Medication and rest,Flu
22,Female,Fever,Sore throat,Runny nose,88,39.9,90,Moderate,Medication and rest,Flu
31,Female,Runny nose,Sore throat,Body ache,93,36.4,99,Mild,Rest and fluids,Cold
23,Female,Sore throat,Runny nose,Shortness of breath,96,38.2,98,Mild,Rest and fluids,Healthy
75,Male,Fatigue,Cough,Sore throat,68,36.1,97,Mild,Rest and fluids,Cold
79,Male,Fatigue,Runny nose,Fever,73,36.7,95,Mild,Rest and fluids,Healthy
56,Female,Cough,Sore throat,Headache,67,39.1,91,Severe,Hospitalization and medication,Bronchitis
45,Female,Fatigue,Body ache,Fever,111,35.8,94,Mild,Rest and fluids,Healthy
